/*!40101 SET @OLD_CHARACTER_SET_CLIENT=@@CHARACTER_SET_CLIENT */;
/*!40101 SET NAMES utf8 */;
/*!50503 SET NAMES utf8mb4 */;
/*!40103 SET @OLD_TIME_ZONE=@@TIME_ZONE */;
/*!40103 SET TIME_ZONE='+00:00' */;
/*!40014 SET @OLD_FOREIGN_KEY_CHECKS=@@FOREIGN_KEY_CHECKS, FOREIGN_KEY_CHECKS=0 */;
/*!40101 SET @OLD_SQL_MODE=@@SQL_MODE, SQL_MODE='NO_AUTO_VALUE_ON_ZERO' */;
/*!40111 SET @OLD_SQL_NOTES=@@SQL_NOTES, SQL_NOTES=0 */;

-- CREATE DATABASE IF NOT EXISTS `db_store_estaleiro` /*!40100 DEFAULT CHARACTER SET utf8mb4 COLLATE utf8mb4_0900_ai_ci */ /*!80016 DEFAULT ENCRYPTION='N' */;
-- USE `db_store_estaleiro`;

CREATE TABLE IF NOT EXISTS `cache` (
  `key` varchar(255) COLLATE utf8mb4_unicode_ci NOT NULL,
  `value` mediumtext COLLATE utf8mb4_unicode_ci NOT NULL,
  `expiration` int NOT NULL,
  PRIMARY KEY (`key`)
) ENGINE=InnoDB DEFAULT CHARSET=utf8mb4 COLLATE=utf8mb4_unicode_ci;


CREATE TABLE IF NOT EXISTS `cache_locks` (
  `key` varchar(255) COLLATE utf8mb4_unicode_ci NOT NULL,
  `owner` varchar(255) COLLATE utf8mb4_unicode_ci NOT NULL,
  `expiration` int NOT NULL,
  PRIMARY KEY (`key`)
) ENGINE=InnoDB DEFAULT CHARSET=utf8mb4 COLLATE=utf8mb4_unicode_ci;


CREATE TABLE IF NOT EXISTS `daily_teams` (
  `id` bigint unsigned NOT NULL AUTO_INCREMENT,
  `is_template` tinyint(1) NOT NULL DEFAULT '0',
  `pep_id` bigint unsigned NOT NULL,
  `work_date` date NOT NULL,
  `leader_id` bigint unsigned DEFAULT NULL,
  `work_type` varchar(255) COLLATE utf8mb4_unicode_ci DEFAULT NULL,
  `location` varchar(255) COLLATE utf8mb4_unicode_ci DEFAULT NULL,
  `created_by` bigint unsigned DEFAULT NULL,
  `created_at` timestamp NULL DEFAULT NULL,
  `updated_at` timestamp NULL DEFAULT NULL,
  `team_name_id` bigint unsigned DEFAULT NULL,
  `published` tinyint(1) NOT NULL DEFAULT '0',
  PRIMARY KEY (`id`),
  KEY `daily_teams_pep_id_foreign` (`pep_id`),
  KEY `daily_teams_leader_id_foreign` (`leader_id`),
  KEY `daily_teams_created_by_foreign` (`created_by`),
  KEY `daily_teams_team_name_id_foreign` (`team_name_id`),
  CONSTRAINT `daily_teams_created_by_foreign` FOREIGN KEY (`created_by`) REFERENCES `employees` (`id`) ON DELETE SET NULL,
  CONSTRAINT `daily_teams_leader_id_foreign` FOREIGN KEY (`leader_id`) REFERENCES `employees` (`id`) ON DELETE SET NULL,
  CONSTRAINT `daily_teams_pep_id_foreign` FOREIGN KEY (`pep_id`) REFERENCES `peps` (`id`) ON DELETE CASCADE,
  CONSTRAINT `daily_teams_team_name_id_foreign` FOREIGN KEY (`team_name_id`) REFERENCES `teams_names_tables` (`id`) ON DELETE SET NULL
) ENGINE=InnoDB AUTO_INCREMENT=326 DEFAULT CHARSET=utf8mb4 COLLATE=utf8mb4_unicode_ci;

INSERT INTO `daily_teams` (`id`, `is_template`, `pep_id`, `work_date`, `leader_id`, `work_type`, `location`, `created_by`, `created_at`, `updated_at`, `team_name_id`, `published`) VALUES
	(248, 1, 1, '2000-01-01', 23, 'BT', 'Camara de Lobos', 55, '2025-08-21 08:47:05', '2025-09-09 18:28:46', 1, 0),
	(249, 1, 4, '2000-01-01', 54, 'BT', 'Calheta', 55, '2025-08-21 12:21:11', '2025-09-06 20:41:15', 2, 0),
	(254, 1, 1, '2000-01-01', 7, 'BT', 'Ribeira Brava', 55, '2025-08-21 17:41:48', '2025-08-21 17:41:48', 3, 0),
	(255, 1, 3, '2000-01-01', 20, 'BT', 'Santana', 55, '2025-08-21 18:02:01', '2025-09-02 08:59:01', 4, 0),
	(256, 0, 1, '2025-08-22', 23, 'BT', 'Camara de Lobos', 55, '2025-08-21 19:42:41', '2025-08-21 19:42:41', 1, 0),
	(257, 0, 4, '2025-08-22', 54, 'BT', 'Calheta', 55, '2025-08-21 19:42:41', '2025-08-21 19:42:41', 2, 0),
	(258, 0, 1, '2025-08-22', 7, 'BT', 'Ribeira Brava', 55, '2025-08-21 19:42:41', '2025-08-21 19:42:41', 3, 0),
	(259, 0, 3, '2025-08-22', 20, 'BT', 'Santana', 55, '2025-08-21 19:42:41', '2025-08-21 19:42:41', 4, 0),
	(260, 0, 1, '2025-08-24', 23, 'BT', 'Camara de Lobos', 55, '2025-08-23 19:21:33', '2025-08-23 19:21:33', 1, 0),
	(261, 0, 4, '2025-08-24', 54, 'BT', 'Calheta', 55, '2025-08-23 19:21:33', '2025-08-23 19:21:33', 2, 0),
	(262, 0, 1, '2025-08-24', 7, 'BT', 'Ribeira Brava', 55, '2025-08-23 19:21:33', '2025-08-23 19:21:33', 3, 0),
	(263, 0, 3, '2025-08-24', 20, 'BT', 'Santana', 55, '2025-08-23 19:21:33', '2025-08-23 19:21:33', 4, 0),
	(264, 0, 1, '2025-08-27', 23, 'BT', 'Camara de Lobos', 55, '2025-08-26 18:35:27', '2025-08-26 18:35:27', 1, 0),
	(265, 0, 4, '2025-08-27', 54, 'BT', 'Calheta', 55, '2025-08-26 18:35:27', '2025-08-26 18:35:27', 2, 0),
	(266, 0, 1, '2025-08-27', 7, 'BT', 'Ribeira Brava', 55, '2025-08-26 18:35:27', '2025-08-26 18:35:27', 3, 0),
	(267, 0, 3, '2025-08-27', 20, 'BT', 'Santana', 55, '2025-08-26 18:35:27', '2025-08-26 18:35:27', 4, 0),
	(268, 0, 1, '2025-08-29', 23, 'BT', 'Camara de Lobos', 55, '2025-08-28 16:56:02', '2025-08-28 16:56:02', 1, 0),
	(269, 0, 4, '2025-08-29', 54, 'BT', 'Calheta', 55, '2025-08-28 16:56:02', '2025-08-28 16:56:02', 2, 0),
	(270, 0, 1, '2025-08-29', 7, 'BT', 'Ribeira Brava', 55, '2025-08-28 16:56:02', '2025-08-28 16:56:02', 3, 0),
	(271, 0, 3, '2025-08-29', 20, 'BT', 'Santana', 55, '2025-08-28 16:56:02', '2025-08-28 16:56:02', 4, 0),
	(272, 0, 1, '2025-09-03', 23, 'BT', 'Camara de Lobos', 55, '2025-09-02 12:12:50', '2025-09-02 12:12:50', 1, 0),
	(273, 0, 4, '2025-09-03', 54, 'BT', 'Calheta', 55, '2025-09-02 12:12:50', '2025-09-02 12:12:50', 2, 0),
	(274, 0, 1, '2025-09-03', 7, 'BT', 'Ribeira Brava', 55, '2025-09-02 12:12:50', '2025-09-02 12:12:50', 3, 0),
	(275, 0, 3, '2025-09-03', 20, 'BT', 'Santana', 55, '2025-09-02 12:12:50', '2025-09-02 12:12:50', 4, 0),
	(277, 1, 4, '2000-01-01', 27, 'AT', 'Madeira', 55, '2025-09-07 19:37:42', '2025-09-07 19:37:42', 9, 0),
	(278, 1, 5, '2000-01-01', 6, 'AT', 'Machico', 55, '2025-09-08 08:11:44', '2025-09-08 14:50:12', 5, 0),
	(279, 0, 1, '2025-09-04', 30, 'BT', 'Camara de Lobos', 55, '2025-09-08 12:07:39', '2025-09-08 12:07:39', 1, 0),
	(280, 0, 4, '2025-09-04', 54, 'BT', 'Calheta', 55, '2025-09-08 12:07:39', '2025-09-08 12:07:39', 2, 0),
	(281, 0, 1, '2025-09-04', 7, 'BT', 'Ribeira Brava', 55, '2025-09-08 12:07:39', '2025-09-08 12:07:39', 3, 0),
	(282, 0, 3, '2025-09-04', 20, 'BT', 'Santana', 55, '2025-09-08 12:07:39', '2025-09-08 12:07:39', 4, 0),
	(283, 0, 4, '2025-09-04', 27, 'AT', 'Madeira', 55, '2025-09-08 12:07:39', '2025-09-08 12:07:39', 9, 0),
	(284, 0, 5, '2025-09-04', 6, 'AT', 'Machico', 55, '2025-09-08 12:07:40', '2025-09-08 12:07:40', 5, 0),
	(285, 0, 1, '2025-09-08', 30, 'BT', 'Camara de Lobos', 55, '2025-09-08 12:08:01', '2025-09-08 12:08:01', 1, 0),
	(286, 0, 4, '2025-09-08', 54, 'BT', 'Calheta', 55, '2025-09-08 12:08:01', '2025-09-08 12:08:01', 2, 0),
	(291, 0, 1, '2025-09-09', 23, 'BT', 'Camara de Lobos', 55, '2025-09-08 12:08:02', '2025-09-08 14:57:15', 1, 0),
	(292, 0, 4, '2025-09-09', 54, 'BT', 'Calheta', 55, '2025-09-08 12:08:02', '2025-09-08 12:08:02', 2, 0),
	(293, 0, 1, '2025-09-09', 7, 'BT', 'Ribeira Brava', 55, '2025-09-08 12:08:02', '2025-09-08 12:08:02', 3, 0),
	(294, 0, 3, '2025-09-09', 20, 'BT', 'Santana', 55, '2025-09-08 12:08:02', '2025-09-08 12:08:02', 4, 0),
	(295, 0, 4, '2025-09-09', 27, 'AT', 'Madeira', 55, '2025-09-08 12:08:02', '2025-09-08 12:08:02', 9, 0),
	(297, 0, 1, '2025-08-26', 30, 'BT', 'Camara de Lobos', 55, '2025-09-08 12:16:42', '2025-09-08 12:16:42', 1, 0),
	(298, 0, 4, '2025-08-26', 54, 'BT', 'Calheta', 55, '2025-09-08 12:16:42', '2025-09-08 12:16:42', 2, 0),
	(299, 0, 1, '2025-08-26', 7, 'BT', 'Ribeira Brava', 55, '2025-09-08 12:16:42', '2025-09-08 12:16:42', 3, 0),
	(300, 0, 3, '2025-08-26', 20, 'BT', 'Santana', 55, '2025-09-08 12:16:42', '2025-09-08 12:16:42', 4, 0),
	(301, 0, 4, '2025-08-26', 27, 'AT', 'Madeira', 55, '2025-09-08 12:16:42', '2025-09-08 12:16:42', 9, 0),
	(302, 0, 5, '2025-08-26', 6, 'AT', 'Machico', 55, '2025-09-08 12:16:42', '2025-09-08 12:16:42', 5, 0),
	(308, 0, 1, '2025-09-10', 23, 'BT', 'Camara de Lobos', 55, '2025-09-09 18:27:46', '2025-09-09 18:28:18', 1, 0),
	(309, 0, 4, '2025-09-10', 54, 'BT', 'Calheta', 55, '2025-09-09 18:27:46', '2025-09-09 18:27:46', 2, 0),
	(310, 0, 1, '2025-09-10', 7, 'BT', 'Ribeira Brava', 55, '2025-09-09 18:27:46', '2025-09-09 18:27:46', 3, 0),
	(311, 0, 3, '2025-09-10', 20, 'BT', 'Santana', 55, '2025-09-09 18:27:46', '2025-09-09 18:27:46', 4, 0),
	(312, 0, 4, '2025-09-10', 27, 'AT', 'Madeira', 55, '2025-09-09 18:27:46', '2025-09-09 18:27:46', 9, 0),
	(313, 0, 5, '2025-09-10', 6, 'AT', 'Machico', 55, '2025-09-09 18:27:46', '2025-09-09 18:27:46', 5, 0),
	(314, 0, 1, '2025-09-15', 23, 'BT', 'Camara de Lobos', 55, '2025-09-13 14:04:32', '2025-09-13 14:04:32', 1, 0),
	(315, 0, 4, '2025-09-15', 54, 'BT', 'Calheta', 55, '2025-09-13 14:04:32', '2025-09-13 14:04:32', 2, 0),
	(316, 0, 1, '2025-09-15', 7, 'BT', 'Ribeira Brava', 55, '2025-09-13 14:04:32', '2025-09-13 14:04:32', 3, 0),
	(317, 0, 3, '2025-09-15', 20, 'BT', 'Santana', 55, '2025-09-13 14:04:32', '2025-09-13 14:04:32', 4, 0),
	(318, 0, 4, '2025-09-15', 27, 'AT', 'Madeira', 55, '2025-09-13 14:04:32', '2025-09-13 14:04:32', 9, 0),
	(319, 0, 5, '2025-09-15', 6, 'AT', 'Machico', 55, '2025-09-13 14:04:32', '2025-09-13 14:04:32', 5, 0),
	(320, 0, 1, '2025-09-16', 23, 'BT', 'Camara de Lobos', 55, '2025-09-15 15:57:08', '2025-09-15 15:57:08', 1, 0),
	(321, 0, 4, '2025-09-16', 54, 'BT', 'Calheta', 55, '2025-09-15 15:57:08', '2025-09-15 15:57:08', 2, 0),
	(322, 0, 1, '2025-09-16', 7, 'BT', 'Ribeira Brava', 55, '2025-09-15 15:57:08', '2025-09-15 15:57:08', 3, 0),
	(323, 0, 3, '2025-09-16', 20, 'BT', 'Santana', 55, '2025-09-15 15:57:08', '2025-09-15 15:57:08', 4, 0),
	(324, 0, 4, '2025-09-16', 27, 'AT', 'Madeira', 55, '2025-09-15 15:57:08', '2025-09-15 15:57:08', 9, 0),
	(325, 0, 5, '2025-09-16', 6, 'AT', 'Machico', 55, '2025-09-15 15:57:08', '2025-09-15 15:57:08', 5, 0);

CREATE TABLE IF NOT EXISTS `daily_team_members` (
  `id` bigint unsigned NOT NULL AUTO_INCREMENT,
  `daily_team_id` bigint unsigned NOT NULL,
  `employee_id` bigint unsigned NOT NULL,
  `sub_team_id` bigint unsigned DEFAULT NULL,
  `created_at` timestamp NULL DEFAULT NULL,
  `updated_at` timestamp NULL DEFAULT NULL,
  PRIMARY KEY (`id`),
  UNIQUE KEY `daily_team_members_daily_team_id_employee_id_unique` (`daily_team_id`,`employee_id`),
  KEY `daily_team_members_employee_id_foreign` (`employee_id`),
  KEY `daily_team_members_sub_team_id_foreign` (`sub_team_id`),
  CONSTRAINT `daily_team_members_daily_team_id_foreign` FOREIGN KEY (`daily_team_id`) REFERENCES `daily_teams` (`id`) ON DELETE CASCADE,
  CONSTRAINT `daily_team_members_employee_id_foreign` FOREIGN KEY (`employee_id`) REFERENCES `employees` (`id`) ON DELETE CASCADE,
  CONSTRAINT `daily_team_members_sub_team_id_foreign` FOREIGN KEY (`sub_team_id`) REFERENCES `sub_teams` (`id`) ON DELETE SET NULL
) ENGINE=InnoDB AUTO_INCREMENT=667 DEFAULT CHARSET=utf8mb4 COLLATE=utf8mb4_unicode_ci;

INSERT INTO `daily_team_members` (`id`, `daily_team_id`, `employee_id`, `sub_team_id`, `created_at`, `updated_at`) VALUES
	(422, 254, 16, NULL, '2025-08-21 17:41:48', '2025-08-21 17:41:48'),
	(423, 254, 45, NULL, '2025-08-21 17:41:48', '2025-08-21 17:41:48'),
	(427, 257, 49, NULL, '2025-08-21 19:42:41', '2025-08-21 19:42:41'),
	(428, 258, 16, NULL, '2025-08-21 19:42:41', '2025-08-21 19:42:41'),
	(429, 258, 45, NULL, '2025-08-21 19:42:41', '2025-08-21 19:42:41'),
	(430, 259, 42, NULL, '2025-08-21 19:42:41', '2025-08-21 19:42:41'),
	(453, 260, 35, NULL, '2025-08-23 19:21:33', '2025-08-23 19:21:33'),
	(454, 261, 49, NULL, '2025-08-23 19:21:33', '2025-08-23 19:21:33'),
	(455, 262, 16, NULL, '2025-08-23 19:21:33', '2025-08-23 19:21:33'),
	(456, 262, 45, NULL, '2025-08-23 19:21:33', '2025-08-23 19:21:33'),
	(457, 263, 5, NULL, '2025-08-23 19:21:33', '2025-08-23 19:21:33'),
	(458, 263, 30, NULL, '2025-08-23 19:21:33', '2025-08-23 19:21:33'),
	(459, 263, 42, NULL, '2025-08-23 19:21:33', '2025-08-23 19:21:33'),
	(460, 265, 49, NULL, '2025-08-26 18:35:27', '2025-08-26 18:35:27'),
	(461, 266, 16, NULL, '2025-08-26 18:35:27', '2025-08-26 18:35:27'),
	(462, 266, 45, NULL, '2025-08-26 18:35:27', '2025-08-26 18:35:27'),
	(463, 267, 42, NULL, '2025-08-26 18:35:27', '2025-08-26 18:35:27'),
	(464, 268, 35, NULL, '2025-08-28 16:56:02', '2025-08-28 16:56:02'),
	(465, 269, 49, NULL, '2025-08-28 16:56:02', '2025-08-28 16:56:02'),
	(466, 270, 16, NULL, '2025-08-28 16:56:02', '2025-08-28 16:56:02'),
	(467, 270, 45, NULL, '2025-08-28 16:56:02', '2025-08-28 16:56:02'),
	(468, 271, 5, NULL, '2025-08-28 16:56:02', '2025-08-28 16:56:02'),
	(469, 271, 30, NULL, '2025-08-28 16:56:02', '2025-08-28 16:56:02'),
	(470, 271, 42, NULL, '2025-08-28 16:56:02', '2025-08-28 16:56:02'),
	(471, 272, 35, NULL, '2025-09-02 12:12:50', '2025-09-02 12:12:50'),
	(472, 273, 49, NULL, '2025-09-02 12:12:50', '2025-09-02 12:12:50'),
	(487, 277, 15, NULL, '2025-09-07 19:38:23', '2025-09-07 19:38:23'),
	(488, 277, 18, NULL, '2025-09-07 19:38:23', '2025-09-07 19:38:23'),
	(489, 277, 51, NULL, '2025-09-07 19:38:23', '2025-09-07 19:38:23'),
	(493, 274, 16, NULL, '2025-09-08 11:58:16', '2025-09-08 11:58:16'),
	(494, 274, 45, NULL, '2025-09-08 11:58:16', '2025-09-08 11:58:16'),
	(495, 275, 30, NULL, '2025-09-08 11:58:32', '2025-09-08 11:58:32'),
	(496, 275, 42, NULL, '2025-09-08 11:58:32', '2025-09-08 11:58:32'),
	(497, 275, 3, NULL, '2025-09-08 11:58:32', '2025-09-08 11:58:32'),
	(498, 279, 35, NULL, '2025-09-08 12:07:39', '2025-09-08 12:07:39'),
	(499, 280, 49, NULL, '2025-09-08 12:07:39', '2025-09-08 12:07:39'),
	(500, 281, 16, NULL, '2025-09-08 12:07:39', '2025-09-08 12:07:39'),
	(501, 281, 45, NULL, '2025-09-08 12:07:39', '2025-09-08 12:07:39'),
	(502, 282, 30, NULL, '2025-09-08 12:07:39', '2025-09-08 12:07:39'),
	(503, 282, 42, NULL, '2025-09-08 12:07:39', '2025-09-08 12:07:39'),
	(504, 283, 15, NULL, '2025-09-08 12:07:40', '2025-09-08 12:07:40'),
	(505, 283, 18, NULL, '2025-09-08 12:07:40', '2025-09-08 12:07:40'),
	(506, 283, 51, NULL, '2025-09-08 12:07:40', '2025-09-08 12:07:40'),
	(507, 284, 8, NULL, '2025-09-08 12:07:40', '2025-09-08 12:07:40'),
	(508, 285, 35, NULL, '2025-09-08 12:08:01', '2025-09-08 12:08:01'),
	(509, 286, 49, NULL, '2025-09-08 12:08:01', '2025-09-08 12:08:01'),
	(520, 293, 16, NULL, '2025-09-08 12:08:02', '2025-09-08 12:08:02'),
	(521, 293, 45, NULL, '2025-09-08 12:08:02', '2025-09-08 12:08:02'),
	(524, 295, 15, NULL, '2025-09-08 12:08:02', '2025-09-08 12:08:02'),
	(525, 295, 18, NULL, '2025-09-08 12:08:02', '2025-09-08 12:08:02'),
	(526, 295, 51, NULL, '2025-09-08 12:08:02', '2025-09-08 12:08:02'),
	(528, 297, 35, NULL, '2025-09-08 12:16:42', '2025-09-08 12:16:42'),
	(529, 298, 49, NULL, '2025-09-08 12:16:42', '2025-09-08 12:16:42'),
	(530, 299, 16, NULL, '2025-09-08 12:16:42', '2025-09-08 12:16:42'),
	(531, 299, 45, NULL, '2025-09-08 12:16:42', '2025-09-08 12:16:42'),
	(532, 300, 30, NULL, '2025-09-08 12:16:42', '2025-09-08 12:16:42'),
	(533, 300, 42, NULL, '2025-09-08 12:16:42', '2025-09-08 12:16:42'),
	(534, 301, 15, NULL, '2025-09-08 12:16:42', '2025-09-08 12:16:42'),
	(535, 301, 18, NULL, '2025-09-08 12:16:42', '2025-09-08 12:16:42'),
	(536, 301, 51, NULL, '2025-09-08 12:16:42', '2025-09-08 12:16:42'),
	(537, 302, 8, NULL, '2025-09-08 12:16:42', '2025-09-08 12:16:42'),
	(539, 292, 49, NULL, '2025-09-08 13:11:54', '2025-09-08 13:11:54'),
	(543, 278, 8, NULL, '2025-09-08 14:50:12', '2025-09-08 14:50:12'),
	(549, 291, 35, NULL, '2025-09-08 14:57:15', '2025-09-08 14:57:15'),
	(561, 294, 30, NULL, '2025-09-08 16:14:14', '2025-09-08 16:14:14'),
	(562, 294, 42, NULL, '2025-09-08 16:14:14', '2025-09-08 16:14:14'),
	(595, 309, 49, NULL, '2025-09-09 18:27:46', '2025-09-09 18:27:46'),
	(596, 310, 16, NULL, '2025-09-09 18:27:46', '2025-09-09 18:27:46'),
	(597, 310, 45, NULL, '2025-09-09 18:27:46', '2025-09-09 18:27:46'),
	(600, 312, 15, NULL, '2025-09-09 18:27:46', '2025-09-09 18:27:46'),
	(601, 312, 18, NULL, '2025-09-09 18:27:46', '2025-09-09 18:27:46'),
	(602, 312, 51, NULL, '2025-09-09 18:27:46', '2025-09-09 18:27:46'),
	(603, 313, 8, NULL, '2025-09-09 18:27:46', '2025-09-09 18:27:46'),
	(604, 308, 35, NULL, '2025-09-09 18:28:18', '2025-09-09 18:28:18'),
	(618, 311, 30, NULL, '2025-09-10 19:10:04', '2025-09-10 19:10:04'),
	(619, 311, 42, NULL, '2025-09-10 19:10:04', '2025-09-10 19:10:04'),
	(620, 248, 35, NULL, '2025-09-13 13:56:36', '2025-09-13 13:56:36'),
	(623, 249, 49, NULL, '2025-09-13 14:00:41', '2025-09-13 14:00:41'),
	(624, 314, 35, NULL, '2025-09-13 14:04:32', '2025-09-13 14:04:32'),
	(625, 315, 49, NULL, '2025-09-13 14:04:32', '2025-09-13 14:04:32'),
	(630, 318, 15, NULL, '2025-09-13 14:04:32', '2025-09-13 14:04:32'),
	(631, 318, 18, NULL, '2025-09-13 14:04:32', '2025-09-13 14:04:32'),
	(632, 318, 51, NULL, '2025-09-13 14:04:32', '2025-09-13 14:04:32'),
	(633, 319, 8, NULL, '2025-09-13 14:04:32', '2025-09-13 14:04:32'),
	(644, 317, 30, NULL, '2025-09-14 13:58:32', '2025-09-14 13:58:32'),
	(645, 317, 42, NULL, '2025-09-14 13:58:32', '2025-09-14 13:58:32'),
	(646, 316, 16, NULL, '2025-09-14 14:02:47', '2025-09-14 14:02:47'),
	(647, 316, 45, NULL, '2025-09-14 14:02:47', '2025-09-14 14:02:47'),
	(648, 255, 30, NULL, '2025-09-14 14:11:35', '2025-09-14 14:11:35'),
	(649, 255, 42, NULL, '2025-09-14 14:11:35', '2025-09-14 14:11:35'),
	(650, 320, 35, NULL, '2025-09-15 15:57:08', '2025-09-15 15:57:08'),
	(651, 321, 49, NULL, '2025-09-15 15:57:08', '2025-09-15 15:57:08'),
	(652, 322, 16, NULL, '2025-09-15 15:57:08', '2025-09-15 15:57:08'),
	(653, 322, 45, NULL, '2025-09-15 15:57:08', '2025-09-15 15:57:08'),
	(656, 324, 15, NULL, '2025-09-15 15:57:08', '2025-09-15 15:57:08'),
	(657, 324, 18, NULL, '2025-09-15 15:57:08', '2025-09-15 15:57:08'),
	(658, 324, 51, NULL, '2025-09-15 15:57:08', '2025-09-15 15:57:08'),
	(659, 325, 8, NULL, '2025-09-15 15:57:08', '2025-09-15 15:57:08'),
	(663, 323, 30, NULL, '2025-09-18 05:33:29', '2025-09-18 05:33:29'),
	(664, 323, 42, NULL, '2025-09-18 05:33:29', '2025-09-18 05:33:29'),
	(665, 323, 53, NULL, '2025-09-18 05:33:29', '2025-09-18 05:33:29'),
	(666, 323, 47, NULL, '2025-09-18 05:33:29', '2025-09-18 05:33:29');

CREATE TABLE IF NOT EXISTS `daily_team_vehicles` (
  `id` bigint unsigned NOT NULL AUTO_INCREMENT,
  `daily_team_id` bigint unsigned NOT NULL,
  `vehicle_id` bigint unsigned NOT NULL,
  `sub_team_id` bigint unsigned DEFAULT NULL,
  `created_at` timestamp NULL DEFAULT NULL,
  `updated_at` timestamp NULL DEFAULT NULL,
  PRIMARY KEY (`id`),
  UNIQUE KEY `daily_team_vehicles_daily_team_id_vehicle_id_unique` (`daily_team_id`,`vehicle_id`),
  KEY `daily_team_vehicles_vehicle_id_foreign` (`vehicle_id`),
  KEY `daily_team_vehicles_sub_team_id_foreign` (`sub_team_id`),
  CONSTRAINT `daily_team_vehicles_daily_team_id_foreign` FOREIGN KEY (`daily_team_id`) REFERENCES `daily_teams` (`id`) ON DELETE CASCADE,
  CONSTRAINT `daily_team_vehicles_sub_team_id_foreign` FOREIGN KEY (`sub_team_id`) REFERENCES `sub_teams` (`id`) ON DELETE SET NULL,
  CONSTRAINT `daily_team_vehicles_vehicle_id_foreign` FOREIGN KEY (`vehicle_id`) REFERENCES `vehicles` (`id`) ON DELETE CASCADE
) ENGINE=InnoDB AUTO_INCREMENT=378 DEFAULT CHARSET=utf8mb4 COLLATE=utf8mb4_unicode_ci;

INSERT INTO `daily_team_vehicles` (`id`, `daily_team_id`, `vehicle_id`, `sub_team_id`, `created_at`, `updated_at`) VALUES
	(237, 257, 8, NULL, '2025-08-21 19:42:41', '2025-08-21 19:42:41'),
	(238, 258, 9, NULL, '2025-08-21 19:42:41', '2025-08-21 19:42:41'),
	(239, 259, 11, NULL, '2025-08-21 19:42:41', '2025-08-21 19:42:41'),
	(244, 260, 7, NULL, '2025-08-23 19:21:33', '2025-08-23 19:21:33'),
	(245, 261, 8, NULL, '2025-08-23 19:21:33', '2025-08-23 19:21:33'),
	(246, 262, 9, NULL, '2025-08-23 19:21:33', '2025-08-23 19:21:33'),
	(247, 263, 11, NULL, '2025-08-23 19:21:33', '2025-08-23 19:21:33'),
	(259, 254, 9, NULL, '2025-08-24 12:14:36', '2025-08-24 12:14:36'),
	(263, 265, 8, NULL, '2025-08-26 18:35:27', '2025-08-26 18:35:27'),
	(264, 266, 9, NULL, '2025-08-26 18:35:27', '2025-08-26 18:35:27'),
	(265, 267, 11, NULL, '2025-08-26 18:35:27', '2025-08-26 18:35:27'),
	(266, 268, 7, NULL, '2025-08-28 16:56:02', '2025-08-28 16:56:02'),
	(267, 269, 8, NULL, '2025-08-28 16:56:02', '2025-08-28 16:56:02'),
	(268, 270, 9, NULL, '2025-08-28 16:56:02', '2025-08-28 16:56:02'),
	(269, 271, 11, NULL, '2025-08-28 16:56:02', '2025-08-28 16:56:02'),
	(270, 272, 7, NULL, '2025-09-02 12:12:50', '2025-09-02 12:12:50'),
	(271, 273, 8, NULL, '2025-09-02 12:12:50', '2025-09-02 12:12:50'),
	(279, 277, 5, NULL, '2025-09-07 19:38:23', '2025-09-07 19:38:23'),
	(282, 274, 9, NULL, '2025-09-08 11:58:16', '2025-09-08 11:58:16'),
	(283, 275, 11, NULL, '2025-09-08 11:58:32', '2025-09-08 11:58:32'),
	(284, 279, 7, NULL, '2025-09-08 12:07:39', '2025-09-08 12:07:39'),
	(285, 280, 8, NULL, '2025-09-08 12:07:39', '2025-09-08 12:07:39'),
	(286, 281, 9, NULL, '2025-09-08 12:07:39', '2025-09-08 12:07:39'),
	(287, 282, 11, NULL, '2025-09-08 12:07:39', '2025-09-08 12:07:39'),
	(288, 283, 5, NULL, '2025-09-08 12:07:40', '2025-09-08 12:07:40'),
	(289, 284, 3, NULL, '2025-09-08 12:07:40', '2025-09-08 12:07:40'),
	(290, 285, 7, NULL, '2025-09-08 12:08:01', '2025-09-08 12:08:01'),
	(291, 286, 8, NULL, '2025-09-08 12:08:01', '2025-09-08 12:08:01'),
	(298, 293, 9, NULL, '2025-09-08 12:08:02', '2025-09-08 12:08:02'),
	(300, 295, 5, NULL, '2025-09-08 12:08:02', '2025-09-08 12:08:02'),
	(302, 297, 7, NULL, '2025-09-08 12:16:42', '2025-09-08 12:16:42'),
	(303, 298, 8, NULL, '2025-09-08 12:16:42', '2025-09-08 12:16:42'),
	(304, 299, 9, NULL, '2025-09-08 12:16:42', '2025-09-08 12:16:42'),
	(305, 300, 11, NULL, '2025-09-08 12:16:42', '2025-09-08 12:16:42'),
	(306, 301, 5, NULL, '2025-09-08 12:16:42', '2025-09-08 12:16:42'),
	(307, 302, 3, NULL, '2025-09-08 12:16:42', '2025-09-08 12:16:42'),
	(309, 292, 8, NULL, '2025-09-08 13:11:54', '2025-09-08 13:11:54'),
	(312, 278, 3, NULL, '2025-09-08 14:50:12', '2025-09-08 14:50:12'),
	(315, 291, 7, NULL, '2025-09-08 14:57:15', '2025-09-08 14:57:15'),
	(321, 294, 11, NULL, '2025-09-08 16:14:14', '2025-09-08 16:14:14'),
	(339, 309, 8, NULL, '2025-09-09 18:27:46', '2025-09-09 18:27:46'),
	(340, 310, 9, NULL, '2025-09-09 18:27:46', '2025-09-09 18:27:46'),
	(342, 312, 5, NULL, '2025-09-09 18:27:46', '2025-09-09 18:27:46'),
	(343, 313, 3, NULL, '2025-09-09 18:27:46', '2025-09-09 18:27:46'),
	(344, 308, 7, NULL, '2025-09-09 18:28:18', '2025-09-09 18:28:18'),
	(352, 311, 11, NULL, '2025-09-10 19:10:04', '2025-09-10 19:10:04'),
	(353, 248, 7, NULL, '2025-09-13 13:56:36', '2025-09-13 13:56:36'),
	(355, 249, 8, NULL, '2025-09-13 14:00:41', '2025-09-13 14:00:41'),
	(356, 314, 7, NULL, '2025-09-13 14:04:32', '2025-09-13 14:04:32'),
	(357, 315, 8, NULL, '2025-09-13 14:04:32', '2025-09-13 14:04:32'),
	(360, 318, 5, NULL, '2025-09-13 14:04:32', '2025-09-13 14:04:32'),
	(361, 319, 3, NULL, '2025-09-13 14:04:32', '2025-09-13 14:04:32'),
	(367, 317, 11, NULL, '2025-09-14 13:58:32', '2025-09-14 13:58:32'),
	(368, 316, 9, NULL, '2025-09-14 14:02:47', '2025-09-14 14:02:47'),
	(369, 255, 11, NULL, '2025-09-14 14:11:35', '2025-09-14 14:11:35'),
	(370, 320, 7, NULL, '2025-09-15 15:57:08', '2025-09-15 15:57:08'),
	(371, 321, 8, NULL, '2025-09-15 15:57:08', '2025-09-15 15:57:08'),
	(372, 322, 9, NULL, '2025-09-15 15:57:08', '2025-09-15 15:57:08'),
	(374, 324, 5, NULL, '2025-09-15 15:57:08', '2025-09-15 15:57:08'),
	(375, 325, 3, NULL, '2025-09-15 15:57:08', '2025-09-15 15:57:08'),
	(377, 323, 11, NULL, '2025-09-18 05:33:29', '2025-09-18 05:33:29');

CREATE TABLE IF NOT EXISTS `departments` (
  `id` bigint unsigned NOT NULL AUTO_INCREMENT,
  `name` varchar(255) COLLATE utf8mb4_unicode_ci NOT NULL,
  `created_at` timestamp NULL DEFAULT NULL,
  `updated_at` timestamp NULL DEFAULT NULL,
  PRIMARY KEY (`id`)
) ENGINE=InnoDB AUTO_INCREMENT=5 DEFAULT CHARSET=utf8mb4 COLLATE=utf8mb4_unicode_ci;

INSERT INTO `departments` (`id`, `name`, `created_at`, `updated_at`) VALUES
	(1, 'Operações', '2025-06-14 14:11:26', '2025-06-14 14:11:26'),
	(2, 'Administrativo', '2025-06-14 14:24:44', '2025-06-14 14:41:48'),
	(3, 'Engenharia', '2025-06-14 14:47:57', '2025-06-14 14:47:57'),
	(4, 'Produção', '2025-06-14 16:19:08', '2025-06-14 16:19:08');

CREATE TABLE IF NOT EXISTS `employees` (
  `id` bigint unsigned NOT NULL AUTO_INCREMENT,
  `user_id` bigint unsigned DEFAULT NULL,
  `employee_number` varchar(255) COLLATE utf8mb4_unicode_ci NOT NULL,
  `last_name` varchar(255) COLLATE utf8mb4_unicode_ci DEFAULT NULL,
  `sex` enum('masculino','feminino') COLLATE utf8mb4_unicode_ci NOT NULL,
  `phone` varchar(255) COLLATE utf8mb4_unicode_ci DEFAULT NULL,
  `position_id` bigint unsigned DEFAULT NULL,
  `active` tinyint(1) NOT NULL DEFAULT '1',
  `status_type_id` bigint unsigned DEFAULT NULL,
  `image_url` varchar(255) COLLATE utf8mb4_unicode_ci DEFAULT NULL,
  `created_at` timestamp NULL DEFAULT NULL,
  `updated_at` timestamp NULL DEFAULT NULL,
  PRIMARY KEY (`id`),
  UNIQUE KEY `employees_employee_number_unique` (`employee_number`),
  KEY `employees_user_id_foreign` (`user_id`),
  KEY `employees_position_id_foreign` (`position_id`),
  KEY `employees_status_type_id_foreign` (`status_type_id`),
  CONSTRAINT `employees_position_id_foreign` FOREIGN KEY (`position_id`) REFERENCES `positions` (`id`) ON DELETE SET NULL ON UPDATE CASCADE,
  CONSTRAINT `employees_status_type_id_foreign` FOREIGN KEY (`status_type_id`) REFERENCES `status_types` (`id`) ON DELETE SET NULL,
  CONSTRAINT `employees_user_id_foreign` FOREIGN KEY (`user_id`) REFERENCES `users` (`id`) ON DELETE SET NULL ON UPDATE CASCADE
) ENGINE=InnoDB AUTO_INCREMENT=56 DEFAULT CHARSET=utf8mb4 COLLATE=utf8mb4_unicode_ci;

INSERT INTO `employees` (`id`, `user_id`, `employee_number`, `last_name`, `sex`, `phone`, `position_id`, `active`, `status_type_id`, `image_url`, `created_at`, `updated_at`) VALUES
	(1, 2, '3663', 'Santos Martins  ', 'masculino', '+351927757021', 8, 1, NULL, NULL, '2025-06-22 11:57:21', '2025-07-05 10:21:02'),
	(2, 3, '4195', 'Silva Correia Jesus ', 'masculino', '+351965476870', 5, 1, NULL, NULL, '2025-06-22 11:57:21', '2025-07-05 11:41:00'),
	(3, 4, '4596', 'Baptista Freitas  ', 'masculino', '+351913704540', 8, 1, NULL, NULL, '2025-06-22 11:57:21', '2025-07-05 12:23:39'),
	(4, 5, '4744', 'Dinis Andrade  ', 'masculino', '+351969192115', 8, 1, NULL, NULL, '2025-06-22 11:57:21', '2025-07-05 13:17:16'),
	(5, 6, '6343', 'Fernandez Quintal  ', 'masculino', '+351969773264', 14, 1, NULL, NULL, '2025-06-22 11:57:21', '2025-07-05 13:26:44'),
	(6, 7, '6443', 'Gonçalves Perez  ', 'masculino', '+351963073277', 8, 1, NULL, NULL, '2025-06-22 11:57:21', '2025-07-05 13:27:52'),
	(7, 8, '6624', 'Medina Jimenez  ', 'masculino', '+351961568855', 8, 1, NULL, NULL, '2025-06-22 11:57:21', '2025-07-05 13:29:29'),
	(8, 9, '6631', 'Gil Rodrigues  ', 'masculino', '+351961845142', 8, 1, NULL, NULL, '2025-06-22 11:57:22', '2025-07-05 13:41:27'),
	(9, 10, '6668', 'Gama Gonçalves  ', 'feminino', '+351962689946', 14, 1, NULL, NULL, '2025-06-22 11:57:22', '2025-07-05 13:42:37'),
	(10, 11, '6679', 'Coutinho   ', 'masculino', '+351963509730', 8, 1, NULL, NULL, '2025-06-22 11:57:22', '2025-07-05 13:43:14'),
	(11, 12, '6682', 'Rodriguez Sousa  ', 'masculino', '+351919988018', 8, 1, NULL, NULL, '2025-06-22 11:57:22', '2025-07-05 13:44:07'),
	(12, 13, '6729', 'Camara Camara  ', 'masculino', '+351960102834', 14, 1, NULL, NULL, '2025-06-22 11:57:22', '2025-07-05 13:45:06'),
	(13, 14, '6731', 'Rodriguez Placencia  ', 'masculino', '+351962882701', 8, 1, NULL, NULL, '2025-06-22 11:57:22', '2025-07-05 13:45:37'),
	(14, 15, '6786', 'Martins Figueira  ', 'masculino', '+351964595653', 8, 1, NULL, NULL, '2025-06-22 11:57:22', '2025-07-05 13:46:52'),
	(15, 16, '6847', 'Fernandes   ', 'masculino', '+351927397717', 8, 1, NULL, NULL, '2025-06-22 11:57:22', '2025-07-05 13:47:59'),
	(16, 17, '6987', 'Mejia Moreno  ', 'masculino', '+351925864902', 8, 1, NULL, NULL, '2025-06-22 11:57:22', '2025-07-05 13:48:16'),
	(17, 18, '6991', 'Sardinha Poita  ', 'masculino', '+351924409087', 8, 1, NULL, NULL, '2025-06-22 11:57:22', '2025-07-05 13:52:54'),
	(18, 19, '7002', 'Ribeiro   ', 'masculino', '+351963178326', 8, 1, NULL, NULL, '2025-06-22 11:57:22', '2025-07-05 13:54:59'),
	(19, 20, '7007', 'Gouveia   ', 'masculino', '+351934528050', 8, 1, NULL, NULL, '2025-06-22 11:57:22', '2025-07-05 14:10:31'),
	(20, 21, '7049', 'Vicente Marques  ', 'masculino', '+351961650821', NULL, 1, NULL, NULL, '2025-06-22 11:57:22', '2025-06-28 16:55:31'),
	(21, 22, '7085', 'Barros Rocha  ', 'masculino', '+351961373265', NULL, 1, NULL, NULL, '2025-06-22 11:57:22', '2025-06-28 16:55:31'),
	(22, 23, '7098', 'Teixeira Santana  ', 'masculino', '+351961603444', NULL, 1, NULL, NULL, '2025-06-22 11:57:22', '2025-06-28 16:55:31'),
	(23, 24, '7150', 'Azevedo Martins  ', 'masculino', '+351965112356', NULL, 1, NULL, NULL, '2025-06-22 11:57:22', '2025-06-28 16:55:31'),
	(24, 25, '7316', 'De Quintal De Freitas', 'masculino', '+351965226590', NULL, 1, NULL, NULL, '2025-06-22 11:57:22', '2025-06-28 16:55:31'),
	(25, 26, '7346', 'Luz   ', 'masculino', '+351962328692', NULL, 1, NULL, NULL, '2025-06-22 11:57:22', '2025-06-28 16:55:31'),
	(26, 27, '7357', 'Figueira Gomes  ', 'masculino', '+351934785564', NULL, 1, NULL, NULL, '2025-06-22 11:57:22', '2025-06-28 16:55:31'),
	(27, 28, '7387', 'Vieira De Jesus ', 'masculino', '+351967219542', NULL, 1, NULL, NULL, '2025-06-22 11:57:22', '2025-06-28 16:55:31'),
	(28, 29, '7401', 'Conceição Silva  ', 'masculino', '+351965624019', NULL, 1, NULL, NULL, '2025-06-22 11:57:22', '2025-06-28 16:55:31'),
	(29, 30, '7430', 'Rodriguez   ', 'masculino', '+351925033054', NULL, 1, NULL, NULL, '2025-06-22 11:57:22', '2025-06-28 16:55:31'),
	(30, 31, '7431', 'Betencourt   ', 'masculino', '+351934467221', NULL, 1, NULL, NULL, '2025-06-22 11:57:23', '2025-06-28 16:55:31'),
	(31, 32, '7432', 'Rendina R. Gonçalves ', 'masculino', '+351960245315', NULL, 1, NULL, NULL, '2025-06-22 11:57:23', '2025-06-28 16:55:31'),
	(32, 33, '7483', 'Montes Rojas  ', 'masculino', '+351937088407', NULL, 1, NULL, NULL, '2025-06-22 11:57:23', '2025-06-28 16:55:31'),
	(33, 34, '7486', 'Da Silva  ', 'masculino', '+351937467659', NULL, 1, NULL, NULL, '2025-06-22 11:57:23', '2025-06-28 16:55:31'),
	(34, 35, '7618', 'Costa Lima  ', 'masculino', '+351962917656', NULL, 1, NULL, NULL, '2025-06-22 11:57:23', '2025-06-28 16:55:31'),
	(35, 36, '7704', 'Correia Loreto  ', 'masculino', '+351963946226', NULL, 1, NULL, NULL, '2025-06-22 11:57:23', '2025-06-28 16:55:31'),
	(36, 37, '7715', 'Kanzler Acosta  ', 'masculino', '+351926128268', NULL, 1, NULL, NULL, '2025-06-22 11:57:23', '2025-06-28 16:55:31'),
	(37, 38, '7807', 'De Nóbrega  ', 'masculino', '+351934431320', NULL, 1, NULL, NULL, '2025-06-22 11:57:23', '2025-06-28 16:55:31'),
	(38, 39, '7813', 'Kanzler Acosta  ', 'masculino', '+351965760022', NULL, 1, NULL, NULL, '2025-06-22 11:57:23', '2025-06-28 16:55:31'),
	(39, 40, '7851', 'Gomes Corte   ', 'masculino', '+351924119454', 8, 1, NULL, NULL, '2025-06-22 11:57:23', '2025-07-13 14:45:07'),
	(40, 41, '7886', 'Pineda Silva  ', 'masculino', '+351962406846', NULL, 1, NULL, NULL, '2025-06-22 11:57:23', '2025-06-28 16:55:31'),
	(41, 42, '7885', 'Gonçalves Pernia  ', 'masculino', '+351969259173', NULL, 1, NULL, NULL, '2025-06-22 11:57:23', '2025-06-28 16:55:32'),
	(42, 43, '8088', 'Teles   ', 'masculino', '+351964964857', NULL, 1, NULL, NULL, '2025-06-22 11:57:23', '2025-06-28 16:55:32'),
	(43, 44, '8089', 'Veliz', 'masculino', '+351932822187', NULL, 1, NULL, NULL, '2025-06-22 11:57:23', '2025-06-28 16:55:32'),
	(44, 45, '8162', 'Duarte Silva Afonseca ', 'masculino', '+351969773058', NULL, 1, NULL, NULL, '2025-06-22 11:57:23', '2025-06-28 16:55:32'),
	(45, 46, '8242', 'Da Silva Esaa ', 'masculino', '+351963330992', NULL, 1, NULL, NULL, '2025-06-22 11:57:23', '2025-06-28 16:55:32'),
	(46, 47, '8515', 'De Olim Perestrelo ', 'masculino', '+351967281164', NULL, 1, NULL, NULL, '2025-06-22 11:57:23', '2025-06-28 16:55:32'),
	(47, 48, '8632', 'Marques   ', 'masculino', '+351963806958', NULL, 1, NULL, NULL, '2025-06-22 11:57:23', '2025-06-28 16:55:32'),
	(48, 49, '8653', 'Maldonaldo Sanguino  ', 'masculino', '+351910149373', NULL, 1, NULL, NULL, '2025-06-22 11:57:23', '2025-06-28 16:55:32'),
	(49, 50, '8655', 'Gomez Urbina  ', 'masculino', '+351938104276', NULL, 1, NULL, NULL, '2025-06-22 11:57:23', '2025-06-28 16:55:32'),
	(50, 51, '8657', 'De Sousa  ', 'masculino', '+351967868365', NULL, 1, NULL, NULL, '2025-06-22 11:57:24', '2025-06-28 16:55:32'),
	(51, 52, '8658', 'Nobrega Da Silva ', 'masculino', '+351919192442', NULL, 1, NULL, NULL, '2025-06-22 11:57:24', '2025-06-28 16:55:32'),
	(52, 53, '8675', 'Dos Santos Jaspe ', 'masculino', '+351965140315', NULL, 1, NULL, NULL, '2025-06-22 11:57:24', '2025-06-28 16:55:32'),
	(53, 54, '8677', 'Gouveia Pereira  ', 'masculino', '+351929431308', NULL, 1, NULL, NULL, '2025-06-22 11:57:24', '2025-06-28 16:55:32'),
	(54, 55, '6574', 'Medina Jimenez  ', 'masculino', '+351966770023', NULL, 1, NULL, NULL, '2025-06-22 11:57:24', '2025-06-28 16:55:32'),
	(55, 1, '7919', 'Montesino Barreto', 'masculino', '+351938683562', 11, 1, NULL, 'employees/IMG_20250607_124807_1.webp', '2025-06-22 14:42:33', '2025-06-22 14:42:33');

CREATE TABLE IF NOT EXISTS `employee_statuses` (
  `id` bigint unsigned NOT NULL AUTO_INCREMENT,
  `employee_id` bigint unsigned NOT NULL,
  `status_type_id` bigint unsigned NOT NULL,
  `start_date` date NOT NULL,
  `end_date` date DEFAULT NULL,
  `reason` varchar(255) COLLATE utf8mb4_unicode_ci DEFAULT NULL,
  `created_at` timestamp NULL DEFAULT NULL,
  `updated_at` timestamp NULL DEFAULT NULL,
  PRIMARY KEY (`id`),
  KEY `employee_statuses_status_type_id_foreign` (`status_type_id`),
  KEY `employee_statuses_employee_id_start_date_end_date_index` (`employee_id`,`start_date`,`end_date`),
  CONSTRAINT `employee_statuses_employee_id_foreign` FOREIGN KEY (`employee_id`) REFERENCES `employees` (`id`) ON DELETE CASCADE,
  CONSTRAINT `employee_statuses_status_type_id_foreign` FOREIGN KEY (`status_type_id`) REFERENCES `status_types` (`id`) ON DELETE CASCADE
) ENGINE=InnoDB AUTO_INCREMENT=61 DEFAULT CHARSET=utf8mb4 COLLATE=utf8mb4_unicode_ci;

INSERT INTO `employee_statuses` (`id`, `employee_id`, `status_type_id`, `start_date`, `end_date`, `reason`, `created_at`, `updated_at`) VALUES
	(1, 1, 2, '2025-07-04', '2025-07-07', 'Cumpleaños', '2025-07-06 06:37:41', '2025-07-06 19:23:06'),
	(3, 2, 2, '2025-07-06', '2025-07-11', NULL, '2025-07-06 06:53:50', '2025-07-23 04:33:39'),
	(4, 3, 1, '2025-07-06', NULL, NULL, '2025-07-06 06:53:50', '2025-07-06 06:53:50'),
	(5, 4, 1, '2025-07-06', NULL, NULL, '2025-07-06 06:53:50', '2025-07-06 06:53:50'),
	(6, 5, 1, '2025-07-06', NULL, NULL, '2025-07-06 06:53:50', '2025-07-06 06:53:50'),
	(7, 6, 1, '2025-07-06', NULL, NULL, '2025-07-06 06:53:50', '2025-07-06 06:53:50'),
	(8, 7, 1, '2025-07-06', NULL, NULL, '2025-07-06 06:53:50', '2025-07-06 06:53:50'),
	(9, 8, 1, '2025-07-06', NULL, NULL, '2025-07-06 06:53:50', '2025-07-06 06:53:50'),
	(10, 9, 1, '2025-07-06', NULL, NULL, '2025-07-06 06:53:50', '2025-07-06 06:53:50'),
	(11, 10, 1, '2025-07-06', NULL, NULL, '2025-07-06 06:53:50', '2025-07-06 06:53:50'),
	(12, 11, 1, '2025-07-06', NULL, NULL, '2025-07-06 06:53:50', '2025-07-06 06:53:50'),
	(13, 12, 1, '2025-07-06', NULL, NULL, '2025-07-06 06:53:50', '2025-07-06 06:53:50'),
	(14, 13, 1, '2025-07-06', NULL, NULL, '2025-07-06 06:53:50', '2025-07-06 06:53:50'),
	(15, 14, 1, '2025-07-06', NULL, NULL, '2025-07-06 06:53:50', '2025-07-06 06:53:50'),
	(16, 15, 1, '2025-07-06', NULL, NULL, '2025-07-06 06:53:50', '2025-07-06 06:53:50'),
	(17, 16, 1, '2025-07-06', NULL, NULL, '2025-07-06 06:53:50', '2025-07-06 06:53:50'),
	(18, 17, 1, '2025-07-06', NULL, NULL, '2025-07-06 06:53:50', '2025-07-06 06:53:50'),
	(19, 18, 1, '2025-07-06', NULL, NULL, '2025-07-06 06:53:50', '2025-07-06 06:53:50'),
	(20, 19, 1, '2025-07-06', NULL, NULL, '2025-07-06 06:53:50', '2025-07-06 06:53:50'),
	(21, 20, 1, '2025-07-06', NULL, NULL, '2025-07-06 06:53:50', '2025-07-06 06:53:50'),
	(22, 21, 1, '2025-07-06', NULL, NULL, '2025-07-06 06:53:50', '2025-07-06 06:53:50'),
	(23, 22, 1, '2025-07-06', NULL, NULL, '2025-07-06 06:53:50', '2025-07-06 06:53:50'),
	(24, 23, 1, '2025-07-06', NULL, NULL, '2025-07-06 06:53:50', '2025-07-06 06:53:50'),
	(25, 24, 1, '2025-07-06', NULL, NULL, '2025-07-06 06:53:50', '2025-07-06 06:53:50'),
	(26, 25, 1, '2025-07-06', NULL, NULL, '2025-07-06 06:53:50', '2025-07-06 06:53:50'),
	(27, 26, 1, '2025-07-06', NULL, NULL, '2025-07-06 06:53:50', '2025-07-06 06:53:50'),
	(28, 27, 1, '2025-07-06', NULL, NULL, '2025-07-06 06:53:50', '2025-07-06 06:53:50'),
	(29, 28, 1, '2025-07-06', NULL, NULL, '2025-07-06 06:53:50', '2025-07-06 06:53:50'),
	(30, 29, 1, '2025-07-06', NULL, NULL, '2025-07-06 06:53:50', '2025-07-06 06:53:50'),
	(31, 30, 1, '2025-07-06', NULL, NULL, '2025-07-06 06:53:50', '2025-07-06 06:53:50'),
	(32, 31, 1, '2025-07-06', NULL, NULL, '2025-07-06 06:53:50', '2025-07-06 06:53:50'),
	(33, 32, 1, '2025-07-06', NULL, NULL, '2025-07-06 06:53:50', '2025-07-06 06:53:50'),
	(34, 33, 1, '2025-07-06', NULL, NULL, '2025-07-06 06:53:50', '2025-07-06 06:53:50'),
	(35, 34, 1, '2025-07-06', NULL, NULL, '2025-07-06 06:53:50', '2025-07-06 06:53:50'),
	(36, 35, 1, '2025-07-06', NULL, NULL, '2025-07-06 06:53:50', '2025-07-06 06:53:50'),
	(37, 36, 1, '2025-07-06', NULL, NULL, '2025-07-06 06:53:50', '2025-07-06 06:53:50'),
	(38, 37, 1, '2025-07-06', NULL, NULL, '2025-07-06 06:53:50', '2025-07-06 06:53:50'),
	(39, 38, 1, '2025-07-06', NULL, NULL, '2025-07-06 06:53:50', '2025-07-06 06:53:50'),
	(40, 39, 1, '2025-07-06', NULL, NULL, '2025-07-06 06:53:50', '2025-07-06 06:53:50'),
	(41, 40, 1, '2025-07-06', NULL, NULL, '2025-07-06 06:53:50', '2025-07-06 06:53:50'),
	(42, 41, 1, '2025-07-06', NULL, NULL, '2025-07-06 06:53:50', '2025-07-06 06:53:50'),
	(43, 42, 1, '2025-07-06', NULL, NULL, '2025-07-06 06:53:50', '2025-07-06 06:53:50'),
	(44, 43, 1, '2025-07-06', NULL, NULL, '2025-07-06 06:53:50', '2025-07-06 06:53:50'),
	(45, 44, 1, '2025-07-06', NULL, NULL, '2025-07-06 06:53:50', '2025-07-06 06:53:50'),
	(46, 45, 1, '2025-07-06', NULL, NULL, '2025-07-06 06:53:50', '2025-07-06 06:53:50'),
	(47, 46, 1, '2025-07-06', NULL, NULL, '2025-07-06 06:53:50', '2025-07-06 06:53:50'),
	(48, 47, 1, '2025-07-06', NULL, NULL, '2025-07-06 06:53:50', '2025-07-06 06:53:50'),
	(49, 48, 1, '2025-07-06', NULL, NULL, '2025-07-06 06:53:50', '2025-07-06 06:53:50'),
	(50, 49, 1, '2025-07-06', NULL, NULL, '2025-07-06 06:53:50', '2025-07-06 06:53:50'),
	(51, 50, 1, '2025-07-06', NULL, NULL, '2025-07-06 06:53:50', '2025-07-06 06:53:50'),
	(52, 51, 1, '2025-07-06', NULL, NULL, '2025-07-06 06:53:50', '2025-07-06 06:53:50'),
	(53, 52, 1, '2025-07-06', NULL, NULL, '2025-07-06 06:53:50', '2025-07-06 06:53:50'),
	(54, 53, 1, '2025-07-06', NULL, NULL, '2025-07-06 06:53:50', '2025-07-06 06:53:50'),
	(55, 54, 1, '2025-07-06', NULL, NULL, '2025-07-06 06:53:50', '2025-07-06 06:53:50'),
	(56, 55, 1, '2025-07-06', NULL, NULL, '2025-07-06 06:53:50', '2025-07-06 06:53:50'),
	(57, 4, 4, '2025-07-06', '2025-07-09', 'Dolor en el dolor', '2025-07-06 07:43:54', '2025-07-06 07:43:54'),
	(59, 1, 4, '2025-08-13', '2025-09-06', NULL, '2025-07-23 04:36:13', '2025-09-01 04:56:56'),
	(60, 2, 2, '2025-08-18', '2025-08-29', 'Ferias', '2025-08-18 18:27:13', '2025-08-19 04:22:44');

CREATE TABLE IF NOT EXISTS `exports` (
  `id` bigint unsigned NOT NULL AUTO_INCREMENT,
  `completed_at` timestamp NULL DEFAULT NULL,
  `file_disk` varchar(255) COLLATE utf8mb4_unicode_ci NOT NULL,
  `file_name` varchar(255) COLLATE utf8mb4_unicode_ci DEFAULT NULL,
  `exporter` varchar(255) COLLATE utf8mb4_unicode_ci NOT NULL,
  `processed_rows` int unsigned NOT NULL DEFAULT '0',
  `total_rows` int unsigned NOT NULL,
  `successful_rows` int unsigned NOT NULL DEFAULT '0',
  `user_id` bigint unsigned NOT NULL,
  `created_at` timestamp NULL DEFAULT NULL,
  `updated_at` timestamp NULL DEFAULT NULL,
  PRIMARY KEY (`id`),
  KEY `exports_user_id_foreign` (`user_id`),
  CONSTRAINT `exports_user_id_foreign` FOREIGN KEY (`user_id`) REFERENCES `users` (`id`) ON DELETE CASCADE
) ENGINE=InnoDB DEFAULT CHARSET=utf8mb4 COLLATE=utf8mb4_unicode_ci;


CREATE TABLE IF NOT EXISTS `failed_import_rows` (
  `id` bigint unsigned NOT NULL AUTO_INCREMENT,
  `data` json NOT NULL,
  `import_id` bigint unsigned NOT NULL,
  `validation_error` text COLLATE utf8mb4_unicode_ci,
  `created_at` timestamp NULL DEFAULT NULL,
  `updated_at` timestamp NULL DEFAULT NULL,
  PRIMARY KEY (`id`),
  KEY `failed_import_rows_import_id_foreign` (`import_id`),
  CONSTRAINT `failed_import_rows_import_id_foreign` FOREIGN KEY (`import_id`) REFERENCES `imports` (`id`) ON DELETE CASCADE
) ENGINE=InnoDB DEFAULT CHARSET=utf8mb4 COLLATE=utf8mb4_unicode_ci;


CREATE TABLE IF NOT EXISTS `failed_jobs` (
  `id` bigint unsigned NOT NULL AUTO_INCREMENT,
  `uuid` varchar(255) COLLATE utf8mb4_unicode_ci NOT NULL,
  `connection` text COLLATE utf8mb4_unicode_ci NOT NULL,
  `queue` text COLLATE utf8mb4_unicode_ci NOT NULL,
  `payload` longtext COLLATE utf8mb4_unicode_ci NOT NULL,
  `exception` longtext COLLATE utf8mb4_unicode_ci NOT NULL,
  `failed_at` timestamp NOT NULL DEFAULT CURRENT_TIMESTAMP,
  PRIMARY KEY (`id`),
  UNIQUE KEY `failed_jobs_uuid_unique` (`uuid`)
) ENGINE=InnoDB DEFAULT CHARSET=utf8mb4 COLLATE=utf8mb4_unicode_ci;


CREATE TABLE IF NOT EXISTS `imports` (
  `id` bigint unsigned NOT NULL AUTO_INCREMENT,
  `completed_at` timestamp NULL DEFAULT NULL,
  `file_name` varchar(255) COLLATE utf8mb4_unicode_ci NOT NULL,
  `file_path` varchar(255) COLLATE utf8mb4_unicode_ci NOT NULL,
  `importer` varchar(255) COLLATE utf8mb4_unicode_ci NOT NULL,
  `processed_rows` int unsigned NOT NULL DEFAULT '0',
  `total_rows` int unsigned NOT NULL,
  `successful_rows` int unsigned NOT NULL DEFAULT '0',
  `user_id` bigint unsigned NOT NULL,
  `created_at` timestamp NULL DEFAULT NULL,
  `updated_at` timestamp NULL DEFAULT NULL,
  PRIMARY KEY (`id`),
  KEY `imports_user_id_foreign` (`user_id`),
  CONSTRAINT `imports_user_id_foreign` FOREIGN KEY (`user_id`) REFERENCES `users` (`id`) ON DELETE CASCADE
) ENGINE=InnoDB DEFAULT CHARSET=utf8mb4 COLLATE=utf8mb4_unicode_ci;


CREATE TABLE IF NOT EXISTS `jobs` (
  `id` bigint unsigned NOT NULL AUTO_INCREMENT,
  `queue` varchar(255) COLLATE utf8mb4_unicode_ci NOT NULL,
  `payload` longtext COLLATE utf8mb4_unicode_ci NOT NULL,
  `attempts` tinyint unsigned NOT NULL,
  `reserved_at` int unsigned DEFAULT NULL,
  `available_at` int unsigned NOT NULL,
  `created_at` int unsigned NOT NULL,
  PRIMARY KEY (`id`),
  KEY `jobs_queue_index` (`queue`)
) ENGINE=InnoDB DEFAULT CHARSET=utf8mb4 COLLATE=utf8mb4_unicode_ci;


CREATE TABLE IF NOT EXISTS `job_batches` (
  `id` varchar(255) COLLATE utf8mb4_unicode_ci NOT NULL,
  `name` varchar(255) COLLATE utf8mb4_unicode_ci NOT NULL,
  `total_jobs` int NOT NULL,
  `pending_jobs` int NOT NULL,
  `failed_jobs` int NOT NULL,
  `failed_job_ids` longtext COLLATE utf8mb4_unicode_ci NOT NULL,
  `options` mediumtext COLLATE utf8mb4_unicode_ci,
  `cancelled_at` int DEFAULT NULL,
  `created_at` int NOT NULL,
  `finished_at` int DEFAULT NULL,
  PRIMARY KEY (`id`)
) ENGINE=InnoDB DEFAULT CHARSET=utf8mb4 COLLATE=utf8mb4_unicode_ci;


CREATE TABLE IF NOT EXISTS `migrations` (
  `id` int unsigned NOT NULL AUTO_INCREMENT,
  `migration` varchar(255) COLLATE utf8mb4_unicode_ci NOT NULL,
  `batch` int NOT NULL,
  PRIMARY KEY (`id`)
) ENGINE=InnoDB AUTO_INCREMENT=79 DEFAULT CHARSET=utf8mb4 COLLATE=utf8mb4_unicode_ci;

INSERT INTO `migrations` (`id`, `migration`, `batch`) VALUES
	(1, '2014_10_12_000000_create_users_table', 1),
	(2, '2014_10_12_100000_create_password_reset_tokens_table', 1),
	(3, '2019_08_19_000000_create_failed_jobs_table', 1),
	(4, '2019_12_14_000001_create_personal_access_tokens_table', 1),
	(6, '0001_01_01_000001_create_cache_table', 3),
	(7, '2025_06_14_103008_create_departments_table', 4),
	(8, '2025_06_14_103029_create_positions_table', 4),
	(9, '2025_06_14_105401_create_employees_table', 4),
	(10, '2025_06_15_151455_create_vehicle_brands_table', 5),
	(11, '2025_06_15_152836_create_vehicles_table', 5),
	(12, '2025_06_15_155128_create_peps_table', 5),
	(13, '2025_06_15_155420_create_teams_table', 5),
	(14, '2025_06_15_155421_create_team_vehicles_table', 5),
	(15, '2025_06_15_155836_create_team_employees_table', 5),
	(16, '2025_06_17_203717_add_columns_to_teams_table', 5),
	(17, '2025_06_20_122954_create_notifications_table', 5),
	(18, '2025_06_20_123017_create_imports_table', 5),
	(19, '2025_06_20_123018_create_exports_table', 5),
	(20, '2025_06_20_123019_create_failed_import_rows_table', 5),
	(21, '2025_06_22_113709_create_permission_tables', 6),
	(22, '2025_06_22_191514_add_columns_to_team_vehicles_table', 7),
	(23, '2025_06_22_191703_add_columns_to_team_employees_table', 7),
	(24, '2025_06_22_195743_add_unique_constraint_to_team_employees_table', 8),
	(25, '2025_06_22_200020_add_unique_constraint_to_team_vehicles', 8),
	(29, '2025_06_23_205808_create_pep_day_assignments_table', 9),
	(30, '2025_06_23_205947_create_employee_pep_day_table', 9),
	(31, '2025_06_23_210026_create_vehicle_pep_day_table', 9),
	(36, '2025_07_01_070149_create_sub_team_table', 10),
	(37, '2025_07_01_070149_create_sub_teams_table', 11),
	(38, '2025_07_01_070152_create_sub_team_employees_table', 11),
	(39, '2025_07_01_070204_create_sub_team_vehicles_table', 11),
	(40, '2025_07_01_131804_create_employee_statuses_table', 12),
	(42, '2025_07_01_144501_drop_old_team_tables', 13),
	(43, '2025_07_01_145236_create_sub_teams_tables', 14),
	(44, '2025_07_01_154846_create_employee_pep_day_tables', 15),
	(45, '2025_07_01_165954_drop_obsolete_team_tables', 15),
	(46, '2025_07_01_201057_add_details_to_pep_day_assignments_table', 16),
	(47, '2025_07_01_201837_add_created_by_to_pep_day_assignments_table', 17),
	(49, '2025_07_02_190814_add_sub_team_id_to_vehicle_pep_day_table', 18),
	(50, '2025_07_04_055300_drop_obsolete_tables', 19),
	(51, '2025_07_04_055301_drop_obsolete1_tables', 20),
	(52, '2025_06_14_105400_create_status_types_table', 21),
	(53, '2025_06_14_105402_update_employees_table_add_status_type_id', 21),
	(54, '2025_07_03_000009_create_sub_teams_table', 21),
	(55, '2025_07_03_000010_create_daily_teams_table', 21),
	(57, '2025_07_03_000012_create_daily_team_vehicles_table', 21),
	(58, '2025_07_05_075426_update_status_types_tables', 22),
	(59, '2025_07_05_083035_create_employee_statuses_tables', 23),
	(60, '2025_07_06_074639_remove_status_type_id_from_employees', 24),
	(61, '2025_07_05_074844_update_employees_add_status_type_ids_tables', 25),
	(62, '2025_07_05_075144_drop_obsolete_tables', 25),
	(63, '2025_07_09_053811_create_teams_names_tables', 25),
	(64, '2025_07_09_055008_update_daily_teams_table', 26),
	(65, '2025_07_09_170413_delete_column_name_daily_teams_table', 27),
	(66, '2025_07_09_185126_create_vehicle_maintenances_table', 28),
	(67, '2025_07_09_185240_create_vehicle_incidents_table', 29),
	(68, '2025_07_09_185337_add_next_ipo_date_to_vehicles_table', 30),
	(69, '2025_07_13_083948_create_sub_team_names_table', 31),
	(70, '2025_07_13_084207_create_sub_teams_table', 31),
	(73, '2025_07_03_000011_create_daily_team_members_table', 32),
	(74, '2025_07_13_084811_create_sub_team_members_table', 33),
	(75, '2025_07_13_085050_create_sub_team_vehicles_table', 33),
	(77, '2025_08_17_133623_add_is_template_and_status_to_daily_teams', 34),
	(78, '2025_09_14_000000_create_published_operations_day_table', 35);

CREATE TABLE IF NOT EXISTS `model_has_permissions` (
  `permission_id` bigint unsigned NOT NULL,
  `model_type` varchar(255) COLLATE utf8mb4_unicode_ci NOT NULL,
  `model_id` bigint unsigned NOT NULL,
  PRIMARY KEY (`permission_id`,`model_id`,`model_type`),
  KEY `model_has_permissions_model_id_model_type_index` (`model_id`,`model_type`),
  CONSTRAINT `model_has_permissions_permission_id_foreign` FOREIGN KEY (`permission_id`) REFERENCES `permissions` (`id`) ON DELETE CASCADE
) ENGINE=InnoDB DEFAULT CHARSET=utf8mb4 COLLATE=utf8mb4_unicode_ci;


CREATE TABLE IF NOT EXISTS `model_has_roles` (
  `role_id` bigint unsigned NOT NULL,
  `model_type` varchar(255) COLLATE utf8mb4_unicode_ci NOT NULL,
  `model_id` bigint unsigned NOT NULL,
  PRIMARY KEY (`role_id`,`model_id`,`model_type`),
  KEY `model_has_roles_model_id_model_type_index` (`model_id`,`model_type`),
  CONSTRAINT `model_has_roles_role_id_foreign` FOREIGN KEY (`role_id`) REFERENCES `roles` (`id`) ON DELETE CASCADE
) ENGINE=InnoDB DEFAULT CHARSET=utf8mb4 COLLATE=utf8mb4_unicode_ci;

INSERT INTO `model_has_roles` (`role_id`, `model_type`, `model_id`) VALUES
	(1, 'App\\Models\\User', 1),
	(2, 'App\\Models\\User', 1),
	(3, 'App\\Models\\User', 2),
	(2, 'App\\Models\\User', 3),
	(5, 'App\\Models\\User', 4),
	(3, 'App\\Models\\User', 40);

CREATE TABLE IF NOT EXISTS `notifications` (
  `id` char(36) COLLATE utf8mb4_unicode_ci NOT NULL,
  `type` varchar(255) COLLATE utf8mb4_unicode_ci NOT NULL,
  `notifiable_type` varchar(255) COLLATE utf8mb4_unicode_ci NOT NULL,
  `notifiable_id` bigint unsigned NOT NULL,
  `data` text COLLATE utf8mb4_unicode_ci NOT NULL,
  `read_at` timestamp NULL DEFAULT NULL,
  `created_at` timestamp NULL DEFAULT NULL,
  `updated_at` timestamp NULL DEFAULT NULL,
  PRIMARY KEY (`id`),
  KEY `notifications_notifiable_type_notifiable_id_index` (`notifiable_type`,`notifiable_id`)
) ENGINE=InnoDB DEFAULT CHARSET=utf8mb4 COLLATE=utf8mb4_unicode_ci;


CREATE TABLE IF NOT EXISTS `password_reset_tokens` (
  `email` varchar(255) COLLATE utf8mb4_unicode_ci NOT NULL,
  `token` varchar(255) COLLATE utf8mb4_unicode_ci NOT NULL,
  `created_at` timestamp NULL DEFAULT NULL,
  PRIMARY KEY (`email`)
) ENGINE=InnoDB DEFAULT CHARSET=utf8mb4 COLLATE=utf8mb4_unicode_ci;


CREATE TABLE IF NOT EXISTS `peps` (
  `id` bigint unsigned NOT NULL AUTO_INCREMENT,
  `code` varchar(255) COLLATE utf8mb4_unicode_ci NOT NULL,
  `description` varchar(255) COLLATE utf8mb4_unicode_ci NOT NULL,
  `active` tinyint(1) NOT NULL DEFAULT '1',
  `created_at` timestamp NULL DEFAULT NULL,
  `updated_at` timestamp NULL DEFAULT NULL,
  PRIMARY KEY (`id`),
  UNIQUE KEY `peps_code_unique` (`code`)
) ENGINE=InnoDB AUTO_INCREMENT=11 DEFAULT CHARSET=utf8mb4 COLLATE=utf8mb4_unicode_ci;

INSERT INTO `peps` (`id`, `code`, `description`, `active`, `created_at`, `updated_at`) VALUES
	(1, 'P.016.002/008/1', 'pep', 1, '2025-06-15 20:50:24', '2025-06-16 18:27:40'),
	(2, 'P.016.002/005', 'PEP', 1, '2025-06-15 20:55:40', '2025-06-16 18:51:37'),
	(3, 'P.016.002/008/2', 'Pep', 1, '2025-06-16 19:24:10', '2025-06-16 19:24:10'),
	(4, 'P.016.002/006', 'P.016.002/006', 1, '2025-07-10 17:40:28', '2025-07-10 17:40:28'),
	(5, 'P.016.000/000', 'Inspecoes', 1, '2025-07-11 19:52:33', '2025-07-11 19:52:33'),
	(7, 'P.016.000/000/9', 'PEP para Estaleiro', 1, '2025-08-15 12:31:16', '2025-08-15 12:31:16');

CREATE TABLE IF NOT EXISTS `permissions` (
  `id` bigint unsigned NOT NULL AUTO_INCREMENT,
  `name` varchar(255) COLLATE utf8mb4_unicode_ci NOT NULL,
  `guard_name` varchar(255) COLLATE utf8mb4_unicode_ci NOT NULL,
  `created_at` timestamp NULL DEFAULT NULL,
  `updated_at` timestamp NULL DEFAULT NULL,
  PRIMARY KEY (`id`),
  UNIQUE KEY `permissions_name_guard_name_unique` (`name`,`guard_name`)
) ENGINE=InnoDB AUTO_INCREMENT=166 DEFAULT CHARSET=utf8mb4 COLLATE=utf8mb4_unicode_ci;

INSERT INTO `permissions` (`id`, `name`, `guard_name`, `created_at`, `updated_at`) VALUES
	(1, 'view_role', 'web', '2025-06-22 13:39:38', '2025-06-22 13:39:38'),
	(2, 'view_any_role', 'web', '2025-06-22 13:39:38', '2025-06-22 13:39:38'),
	(3, 'create_role', 'web', '2025-06-22 13:39:38', '2025-06-22 13:39:38'),
	(4, 'update_role', 'web', '2025-06-22 13:39:38', '2025-06-22 13:39:38'),
	(5, 'delete_role', 'web', '2025-06-22 13:39:38', '2025-06-22 13:39:38'),
	(6, 'delete_any_role', 'web', '2025-06-22 13:39:38', '2025-06-22 13:39:38'),
	(7, 'view_department', 'web', '2025-06-22 13:52:30', '2025-06-22 13:52:30'),
	(8, 'view_any_department', 'web', '2025-06-22 13:52:30', '2025-06-22 13:52:30'),
	(9, 'create_department', 'web', '2025-06-22 13:52:30', '2025-06-22 13:52:30'),
	(10, 'update_department', 'web', '2025-06-22 13:52:30', '2025-06-22 13:52:30'),
	(11, 'restore_department', 'web', '2025-06-22 13:52:30', '2025-06-22 13:52:30'),
	(12, 'restore_any_department', 'web', '2025-06-22 13:52:30', '2025-06-22 13:52:30'),
	(13, 'replicate_department', 'web', '2025-06-22 13:52:30', '2025-06-22 13:52:30'),
	(14, 'reorder_department', 'web', '2025-06-22 13:52:30', '2025-06-22 13:52:30'),
	(15, 'delete_department', 'web', '2025-06-22 13:52:30', '2025-06-22 13:52:30'),
	(16, 'delete_any_department', 'web', '2025-06-22 13:52:30', '2025-06-22 13:52:30'),
	(17, 'force_delete_department', 'web', '2025-06-22 13:52:30', '2025-06-22 13:52:30'),
	(18, 'force_delete_any_department', 'web', '2025-06-22 13:52:30', '2025-06-22 13:52:30'),
	(19, 'view_employee', 'web', '2025-06-22 13:52:30', '2025-06-22 13:52:30'),
	(20, 'view_any_employee', 'web', '2025-06-22 13:52:30', '2025-06-22 13:52:30'),
	(21, 'create_employee', 'web', '2025-06-22 13:52:30', '2025-06-22 13:52:30'),
	(22, 'update_employee', 'web', '2025-06-22 13:52:30', '2025-06-22 13:52:30'),
	(23, 'restore_employee', 'web', '2025-06-22 13:52:30', '2025-06-22 13:52:30'),
	(24, 'restore_any_employee', 'web', '2025-06-22 13:52:30', '2025-06-22 13:52:30'),
	(25, 'replicate_employee', 'web', '2025-06-22 13:52:30', '2025-06-22 13:52:30'),
	(26, 'reorder_employee', 'web', '2025-06-22 13:52:30', '2025-06-22 13:52:30'),
	(27, 'delete_employee', 'web', '2025-06-22 13:52:30', '2025-06-22 13:52:30'),
	(28, 'delete_any_employee', 'web', '2025-06-22 13:52:30', '2025-06-22 13:52:30'),
	(29, 'force_delete_employee', 'web', '2025-06-22 13:52:30', '2025-06-22 13:52:30'),
	(30, 'force_delete_any_employee', 'web', '2025-06-22 13:52:30', '2025-06-22 13:52:30'),
	(31, 'view_pep', 'web', '2025-06-22 13:52:30', '2025-06-22 13:52:30'),
	(32, 'view_any_pep', 'web', '2025-06-22 13:52:30', '2025-06-22 13:52:30'),
	(33, 'create_pep', 'web', '2025-06-22 13:52:30', '2025-06-22 13:52:30'),
	(34, 'update_pep', 'web', '2025-06-22 13:52:30', '2025-06-22 13:52:30'),
	(35, 'restore_pep', 'web', '2025-06-22 13:52:30', '2025-06-22 13:52:30'),
	(36, 'restore_any_pep', 'web', '2025-06-22 13:52:30', '2025-06-22 13:52:30'),
	(37, 'replicate_pep', 'web', '2025-06-22 13:52:30', '2025-06-22 13:52:30'),
	(38, 'reorder_pep', 'web', '2025-06-22 13:52:30', '2025-06-22 13:52:30'),
	(39, 'delete_pep', 'web', '2025-06-22 13:52:30', '2025-06-22 13:52:30'),
	(40, 'delete_any_pep', 'web', '2025-06-22 13:52:30', '2025-06-22 13:52:30'),
	(41, 'force_delete_pep', 'web', '2025-06-22 13:52:30', '2025-06-22 13:52:30'),
	(42, 'force_delete_any_pep', 'web', '2025-06-22 13:52:30', '2025-06-22 13:52:30'),
	(43, 'view_position', 'web', '2025-06-22 13:52:30', '2025-06-22 13:52:30'),
	(44, 'view_any_position', 'web', '2025-06-22 13:52:30', '2025-06-22 13:52:30'),
	(45, 'create_position', 'web', '2025-06-22 13:52:30', '2025-06-22 13:52:30'),
	(46, 'update_position', 'web', '2025-06-22 13:52:30', '2025-06-22 13:52:30'),
	(47, 'restore_position', 'web', '2025-06-22 13:52:30', '2025-06-22 13:52:30'),
	(48, 'restore_any_position', 'web', '2025-06-22 13:52:30', '2025-06-22 13:52:30'),
	(49, 'replicate_position', 'web', '2025-06-22 13:52:30', '2025-06-22 13:52:30'),
	(50, 'reorder_position', 'web', '2025-06-22 13:52:30', '2025-06-22 13:52:30'),
	(51, 'delete_position', 'web', '2025-06-22 13:52:30', '2025-06-22 13:52:30'),
	(52, 'delete_any_position', 'web', '2025-06-22 13:52:30', '2025-06-22 13:52:30'),
	(53, 'force_delete_position', 'web', '2025-06-22 13:52:30', '2025-06-22 13:52:30'),
	(54, 'force_delete_any_position', 'web', '2025-06-22 13:52:30', '2025-06-22 13:52:30'),
	(55, 'view_team', 'web', '2025-06-22 13:52:30', '2025-06-22 13:52:30'),
	(56, 'view_any_team', 'web', '2025-06-22 13:52:30', '2025-06-22 13:52:30'),
	(57, 'create_team', 'web', '2025-06-22 13:52:30', '2025-06-22 13:52:30'),
	(58, 'update_team', 'web', '2025-06-22 13:52:30', '2025-06-22 13:52:30'),
	(59, 'restore_team', 'web', '2025-06-22 13:52:30', '2025-06-22 13:52:30'),
	(60, 'restore_any_team', 'web', '2025-06-22 13:52:30', '2025-06-22 13:52:30'),
	(61, 'replicate_team', 'web', '2025-06-22 13:52:30', '2025-06-22 13:52:30'),
	(62, 'reorder_team', 'web', '2025-06-22 13:52:30', '2025-06-22 13:52:30'),
	(63, 'delete_team', 'web', '2025-06-22 13:52:30', '2025-06-22 13:52:30'),
	(64, 'delete_any_team', 'web', '2025-06-22 13:52:30', '2025-06-22 13:52:30'),
	(65, 'force_delete_team', 'web', '2025-06-22 13:52:30', '2025-06-22 13:52:30'),
	(66, 'force_delete_any_team', 'web', '2025-06-22 13:52:30', '2025-06-22 13:52:30'),
	(67, 'view_team::employee', 'web', '2025-06-22 13:52:30', '2025-06-22 13:52:30'),
	(68, 'view_any_team::employee', 'web', '2025-06-22 13:52:30', '2025-06-22 13:52:30'),
	(69, 'create_team::employee', 'web', '2025-06-22 13:52:30', '2025-06-22 13:52:30'),
	(70, 'update_team::employee', 'web', '2025-06-22 13:52:30', '2025-06-22 13:52:30'),
	(71, 'restore_team::employee', 'web', '2025-06-22 13:52:30', '2025-06-22 13:52:30'),
	(72, 'restore_any_team::employee', 'web', '2025-06-22 13:52:30', '2025-06-22 13:52:30'),
	(73, 'replicate_team::employee', 'web', '2025-06-22 13:52:30', '2025-06-22 13:52:30'),
	(74, 'reorder_team::employee', 'web', '2025-06-22 13:52:30', '2025-06-22 13:52:30'),
	(75, 'delete_team::employee', 'web', '2025-06-22 13:52:30', '2025-06-22 13:52:30'),
	(76, 'delete_any_team::employee', 'web', '2025-06-22 13:52:30', '2025-06-22 13:52:30'),
	(77, 'force_delete_team::employee', 'web', '2025-06-22 13:52:30', '2025-06-22 13:52:30'),
	(78, 'force_delete_any_team::employee', 'web', '2025-06-22 13:52:30', '2025-06-22 13:52:30'),
	(79, 'view_team::vehicle', 'web', '2025-06-22 13:52:30', '2025-06-22 13:52:30'),
	(80, 'view_any_team::vehicle', 'web', '2025-06-22 13:52:30', '2025-06-22 13:52:30'),
	(81, 'create_team::vehicle', 'web', '2025-06-22 13:52:30', '2025-06-22 13:52:30'),
	(82, 'update_team::vehicle', 'web', '2025-06-22 13:52:30', '2025-06-22 13:52:30'),
	(83, 'restore_team::vehicle', 'web', '2025-06-22 13:52:30', '2025-06-22 13:52:30'),
	(84, 'restore_any_team::vehicle', 'web', '2025-06-22 13:52:30', '2025-06-22 13:52:30'),
	(85, 'replicate_team::vehicle', 'web', '2025-06-22 13:52:30', '2025-06-22 13:52:30'),
	(86, 'reorder_team::vehicle', 'web', '2025-06-22 13:52:30', '2025-06-22 13:52:30'),
	(87, 'delete_team::vehicle', 'web', '2025-06-22 13:52:30', '2025-06-22 13:52:30'),
	(88, 'delete_any_team::vehicle', 'web', '2025-06-22 13:52:30', '2025-06-22 13:52:30'),
	(89, 'force_delete_team::vehicle', 'web', '2025-06-22 13:52:30', '2025-06-22 13:52:30'),
	(90, 'force_delete_any_team::vehicle', 'web', '2025-06-22 13:52:30', '2025-06-22 13:52:30'),
	(91, 'view_user', 'web', '2025-06-22 13:52:30', '2025-06-22 13:52:30'),
	(92, 'view_any_user', 'web', '2025-06-22 13:52:30', '2025-06-22 13:52:30'),
	(93, 'create_user', 'web', '2025-06-22 13:52:30', '2025-06-22 13:52:30'),
	(94, 'update_user', 'web', '2025-06-22 13:52:30', '2025-06-22 13:52:30'),
	(95, 'restore_user', 'web', '2025-06-22 13:52:30', '2025-06-22 13:52:30'),
	(96, 'restore_any_user', 'web', '2025-06-22 13:52:30', '2025-06-22 13:52:30'),
	(97, 'replicate_user', 'web', '2025-06-22 13:52:30', '2025-06-22 13:52:30'),
	(98, 'reorder_user', 'web', '2025-06-22 13:52:30', '2025-06-22 13:52:30'),
	(99, 'delete_user', 'web', '2025-06-22 13:52:30', '2025-06-22 13:52:30'),
	(100, 'delete_any_user', 'web', '2025-06-22 13:52:30', '2025-06-22 13:52:30'),
	(101, 'force_delete_user', 'web', '2025-06-22 13:52:30', '2025-06-22 13:52:30'),
	(102, 'force_delete_any_user', 'web', '2025-06-22 13:52:30', '2025-06-22 13:52:30'),
	(103, 'view_vehicle', 'web', '2025-06-22 13:52:30', '2025-06-22 13:52:30'),
	(104, 'view_any_vehicle', 'web', '2025-06-22 13:52:30', '2025-06-22 13:52:30'),
	(105, 'create_vehicle', 'web', '2025-06-22 13:52:30', '2025-06-22 13:52:30'),
	(106, 'update_vehicle', 'web', '2025-06-22 13:52:30', '2025-06-22 13:52:30'),
	(107, 'restore_vehicle', 'web', '2025-06-22 13:52:30', '2025-06-22 13:52:30'),
	(108, 'restore_any_vehicle', 'web', '2025-06-22 13:52:30', '2025-06-22 13:52:30'),
	(109, 'replicate_vehicle', 'web', '2025-06-22 13:52:30', '2025-06-22 13:52:30'),
	(110, 'reorder_vehicle', 'web', '2025-06-22 13:52:30', '2025-06-22 13:52:30'),
	(111, 'delete_vehicle', 'web', '2025-06-22 13:52:30', '2025-06-22 13:52:30'),
	(112, 'delete_any_vehicle', 'web', '2025-06-22 13:52:30', '2025-06-22 13:52:30'),
	(113, 'force_delete_vehicle', 'web', '2025-06-22 13:52:30', '2025-06-22 13:52:30'),
	(114, 'force_delete_any_vehicle', 'web', '2025-06-22 13:52:30', '2025-06-22 13:52:30'),
	(115, 'view_vehicle::brand', 'web', '2025-06-22 13:52:30', '2025-06-22 13:52:30'),
	(116, 'view_any_vehicle::brand', 'web', '2025-06-22 13:52:30', '2025-06-22 13:52:30'),
	(117, 'create_vehicle::brand', 'web', '2025-06-22 13:52:30', '2025-06-22 13:52:30'),
	(118, 'update_vehicle::brand', 'web', '2025-06-22 13:52:30', '2025-06-22 13:52:30'),
	(119, 'restore_vehicle::brand', 'web', '2025-06-22 13:52:30', '2025-06-22 13:52:30'),
	(120, 'restore_any_vehicle::brand', 'web', '2025-06-22 13:52:30', '2025-06-22 13:52:30'),
	(121, 'replicate_vehicle::brand', 'web', '2025-06-22 13:52:30', '2025-06-22 13:52:30'),
	(122, 'reorder_vehicle::brand', 'web', '2025-06-22 13:52:30', '2025-06-22 13:52:30'),
	(123, 'delete_vehicle::brand', 'web', '2025-06-22 13:52:30', '2025-06-22 13:52:30'),
	(124, 'delete_any_vehicle::brand', 'web', '2025-06-22 13:52:30', '2025-06-22 13:52:30'),
	(125, 'force_delete_vehicle::brand', 'web', '2025-06-22 13:52:30', '2025-06-22 13:52:30'),
	(126, 'force_delete_any_vehicle::brand', 'web', '2025-06-22 13:52:30', '2025-06-22 13:52:30'),
	(127, 'teams.view.workbench', 'web', '2025-06-28 15:59:23', '2025-06-28 15:59:23'),
	(128, 'view_daily::team', 'web', '2025-08-24 16:07:40', '2025-08-24 16:07:40'),
	(129, 'view_any_daily::team', 'web', '2025-08-24 16:07:40', '2025-08-24 16:07:40'),
	(130, 'create_daily::team', 'web', '2025-08-24 16:07:40', '2025-08-24 16:07:40'),
	(131, 'update_daily::team', 'web', '2025-08-24 16:07:40', '2025-08-24 16:07:40'),
	(132, 'restore_daily::team', 'web', '2025-08-24 16:07:40', '2025-08-24 16:07:40'),
	(133, 'restore_any_daily::team', 'web', '2025-08-24 16:07:40', '2025-08-24 16:07:40'),
	(134, 'replicate_daily::team', 'web', '2025-08-24 16:07:40', '2025-08-24 16:07:40'),
	(135, 'reorder_daily::team', 'web', '2025-08-24 16:07:40', '2025-08-24 16:07:40'),
	(136, 'delete_daily::team', 'web', '2025-08-24 16:07:40', '2025-08-24 16:07:40'),
	(137, 'delete_any_daily::team', 'web', '2025-08-24 16:07:40', '2025-08-24 16:07:40'),
	(138, 'force_delete_daily::team', 'web', '2025-08-24 16:07:40', '2025-08-24 16:07:40'),
	(139, 'force_delete_any_daily::team', 'web', '2025-08-24 16:07:40', '2025-08-24 16:07:40'),
	(140, 'view_daily::team::member', 'web', '2025-08-24 16:07:40', '2025-08-24 16:07:40'),
	(141, 'view_any_daily::team::member', 'web', '2025-08-24 16:07:40', '2025-08-24 16:07:40'),
	(142, 'create_daily::team::member', 'web', '2025-08-24 16:07:40', '2025-08-24 16:07:40'),
	(143, 'update_daily::team::member', 'web', '2025-08-24 16:07:40', '2025-08-24 16:07:40'),
	(144, 'restore_daily::team::member', 'web', '2025-08-24 16:07:40', '2025-08-24 16:07:40'),
	(145, 'restore_any_daily::team::member', 'web', '2025-08-24 16:07:40', '2025-08-24 16:07:40'),
	(146, 'replicate_daily::team::member', 'web', '2025-08-24 16:07:40', '2025-08-24 16:07:40'),
	(147, 'reorder_daily::team::member', 'web', '2025-08-24 16:07:40', '2025-08-24 16:07:40'),
	(148, 'delete_daily::team::member', 'web', '2025-08-24 16:07:40', '2025-08-24 16:07:40'),
	(149, 'delete_any_daily::team::member', 'web', '2025-08-24 16:07:40', '2025-08-24 16:07:40'),
	(150, 'force_delete_daily::team::member', 'web', '2025-08-24 16:07:40', '2025-08-24 16:07:40'),
	(151, 'force_delete_any_daily::team::member', 'web', '2025-08-24 16:07:40', '2025-08-24 16:07:40'),
	(152, 'view_sub::team', 'web', '2025-08-24 16:07:40', '2025-08-24 16:07:40'),
	(153, 'view_any_sub::team', 'web', '2025-08-24 16:07:40', '2025-08-24 16:07:40'),
	(154, 'create_sub::team', 'web', '2025-08-24 16:07:40', '2025-08-24 16:07:40'),
	(155, 'update_sub::team', 'web', '2025-08-24 16:07:40', '2025-08-24 16:07:40'),
	(156, 'restore_sub::team', 'web', '2025-08-24 16:07:40', '2025-08-24 16:07:40'),
	(157, 'restore_any_sub::team', 'web', '2025-08-24 16:07:40', '2025-08-24 16:07:40'),
	(158, 'replicate_sub::team', 'web', '2025-08-24 16:07:40', '2025-08-24 16:07:40'),
	(159, 'reorder_sub::team', 'web', '2025-08-24 16:07:40', '2025-08-24 16:07:40'),
	(160, 'delete_sub::team', 'web', '2025-08-24 16:07:40', '2025-08-24 16:07:40'),
	(161, 'delete_any_sub::team', 'web', '2025-08-24 16:07:40', '2025-08-24 16:07:40'),
	(162, 'force_delete_sub::team', 'web', '2025-08-24 16:07:40', '2025-08-24 16:07:40'),
	(163, 'force_delete_any_sub::team', 'web', '2025-08-24 16:07:40', '2025-08-24 16:07:40'),
	(164, 'page_TemplateTeamsManager', 'web', '2025-09-05 16:39:24', '2025-09-05 16:39:24'),
	(165, 'templateteampermissions', 'web', '2025-09-06 09:03:47', '2025-09-06 09:03:47');

CREATE TABLE IF NOT EXISTS `personal_access_tokens` (
  `id` bigint unsigned NOT NULL AUTO_INCREMENT,
  `tokenable_type` varchar(255) COLLATE utf8mb4_unicode_ci NOT NULL,
  `tokenable_id` bigint unsigned NOT NULL,
  `name` varchar(255) COLLATE utf8mb4_unicode_ci NOT NULL,
  `token` varchar(64) COLLATE utf8mb4_unicode_ci NOT NULL,
  `abilities` text COLLATE utf8mb4_unicode_ci,
  `last_used_at` timestamp NULL DEFAULT NULL,
  `expires_at` timestamp NULL DEFAULT NULL,
  `created_at` timestamp NULL DEFAULT NULL,
  `updated_at` timestamp NULL DEFAULT NULL,
  PRIMARY KEY (`id`),
  UNIQUE KEY `personal_access_tokens_token_unique` (`token`),
  KEY `personal_access_tokens_tokenable_type_tokenable_id_index` (`tokenable_type`,`tokenable_id`)
) ENGINE=InnoDB DEFAULT CHARSET=utf8mb4 COLLATE=utf8mb4_unicode_ci;


CREATE TABLE IF NOT EXISTS `positions` (
  `id` bigint unsigned NOT NULL AUTO_INCREMENT,
  `department_id` bigint unsigned DEFAULT NULL,
  `name` varchar(255) COLLATE utf8mb4_unicode_ci NOT NULL,
  `created_at` timestamp NULL DEFAULT NULL,
  `updated_at` timestamp NULL DEFAULT NULL,
  PRIMARY KEY (`id`),
  KEY `positions_department_id_foreign` (`department_id`),
  CONSTRAINT `positions_department_id_foreign` FOREIGN KEY (`department_id`) REFERENCES `departments` (`id`) ON DELETE SET NULL
) ENGINE=InnoDB AUTO_INCREMENT=16 DEFAULT CHARSET=utf8mb4 COLLATE=utf8mb4_unicode_ci;

INSERT INTO `positions` (`id`, `department_id`, `name`, `created_at`, `updated_at`) VALUES
	(1, 1, 'Pre - oficial', '2025-06-14 14:19:46', '2025-06-14 15:16:40'),
	(2, 1, 'Ajudante 1º ano', '2025-06-14 14:20:25', '2025-06-14 15:17:00'),
	(3, 1, 'TÉcnico de telecomunicaÇÕes', '2025-06-14 14:20:41', '2025-06-14 15:17:07'),
	(4, 1, 'Ajudante eletricista', '2025-06-14 14:20:58', '2025-06-14 15:17:13'),
	(5, 1, 'Chefe de equipa', '2025-06-14 14:21:12', '2025-06-14 15:17:20'),
	(6, 1, 'TÉcnico s.h. no trabalho', '2025-06-14 14:21:24', '2025-06-14 15:17:25'),
	(8, 1, 'Eletricista', '2025-06-14 14:22:16', '2025-06-14 15:17:56'),
	(9, 1, 'Ajudante 2º ano', '2025-06-14 14:22:30', '2025-06-14 15:18:04'),
	(10, 1, 'TÉcnico operacional g.1', '2025-06-14 14:22:54', '2025-06-14 15:18:16'),
	(11, 1, 'Fiel de armazem', '2025-06-14 14:23:07', '2025-06-14 15:18:38'),
	(12, 1, 'Administrativa', '2025-06-14 14:23:25', '2025-06-14 15:18:46'),
	(13, 1, 'Pedreiro', '2025-06-14 14:23:46', '2025-06-14 15:18:52'),
	(14, 3, 'Engenheiro', '2025-06-14 14:49:00', '2025-06-14 14:49:00'),
	(15, 4, 'Incerto', '2025-06-14 16:19:27', '2025-06-21 18:49:17');

CREATE TABLE IF NOT EXISTS `published_operations_day` (
  `id` bigint unsigned NOT NULL AUTO_INCREMENT,
  `date` date NOT NULL,
  `created_at` timestamp NULL DEFAULT NULL,
  `updated_at` timestamp NULL DEFAULT NULL,
  PRIMARY KEY (`id`),
  UNIQUE KEY `published_operations_day_date_unique` (`date`)
) ENGINE=InnoDB AUTO_INCREMENT=2 DEFAULT CHARSET=utf8mb4 COLLATE=utf8mb4_unicode_ci;

INSERT INTO `published_operations_day` (`id`, `date`, `created_at`, `updated_at`) VALUES
	(1, '2025-09-09', '2025-09-15 20:28:50', '2025-09-15 20:28:50');

CREATE TABLE IF NOT EXISTS `roles` (
  `id` bigint unsigned NOT NULL AUTO_INCREMENT,
  `name` varchar(255) COLLATE utf8mb4_unicode_ci NOT NULL,
  `guard_name` varchar(255) COLLATE utf8mb4_unicode_ci NOT NULL,
  `created_at` timestamp NULL DEFAULT NULL,
  `updated_at` timestamp NULL DEFAULT NULL,
  PRIMARY KEY (`id`),
  UNIQUE KEY `roles_name_guard_name_unique` (`name`,`guard_name`)
) ENGINE=InnoDB AUTO_INCREMENT=6 DEFAULT CHARSET=utf8mb4 COLLATE=utf8mb4_unicode_ci;

INSERT INTO `roles` (`id`, `name`, `guard_name`, `created_at`, `updated_at`) VALUES
	(1, 'super_admin', 'web', '2025-06-22 13:39:38', '2025-06-22 13:39:38'),
	(2, 'admin', 'web', '2025-06-22 13:54:41', '2025-06-22 13:54:41'),
	(3, 'user_employee', 'web', '2025-06-22 13:56:29', '2025-06-22 13:56:29'),
	(5, 'panel_user', 'web', '2025-06-27 20:23:17', '2025-06-27 20:23:17');

CREATE TABLE IF NOT EXISTS `role_has_permissions` (
  `permission_id` bigint unsigned NOT NULL,
  `role_id` bigint unsigned NOT NULL,
  PRIMARY KEY (`permission_id`,`role_id`),
  KEY `role_has_permissions_role_id_foreign` (`role_id`),
  CONSTRAINT `role_has_permissions_permission_id_foreign` FOREIGN KEY (`permission_id`) REFERENCES `permissions` (`id`) ON DELETE CASCADE,
  CONSTRAINT `role_has_permissions_role_id_foreign` FOREIGN KEY (`role_id`) REFERENCES `roles` (`id`) ON DELETE CASCADE
) ENGINE=InnoDB DEFAULT CHARSET=utf8mb4 COLLATE=utf8mb4_unicode_ci;

INSERT INTO `role_has_permissions` (`permission_id`, `role_id`) VALUES
	(1, 1),
	(2, 1),
	(3, 1),
	(4, 1),
	(5, 1),
	(6, 1),
	(7, 1),
	(8, 1),
	(9, 1),
	(10, 1),
	(11, 1),
	(12, 1),
	(13, 1),
	(14, 1),
	(15, 1),
	(16, 1),
	(17, 1),
	(18, 1),
	(19, 1),
	(20, 1),
	(21, 1),
	(22, 1),
	(23, 1),
	(24, 1),
	(25, 1),
	(26, 1),
	(27, 1),
	(28, 1),
	(29, 1),
	(30, 1),
	(31, 1),
	(32, 1),
	(33, 1),
	(34, 1),
	(35, 1),
	(36, 1),
	(37, 1),
	(38, 1),
	(39, 1),
	(40, 1),
	(41, 1),
	(42, 1),
	(43, 1),
	(44, 1),
	(45, 1),
	(46, 1),
	(47, 1),
	(48, 1),
	(49, 1),
	(50, 1),
	(51, 1),
	(52, 1),
	(53, 1),
	(54, 1),
	(55, 1),
	(56, 1),
	(57, 1),
	(58, 1),
	(59, 1),
	(60, 1),
	(61, 1),
	(62, 1),
	(63, 1),
	(64, 1),
	(65, 1),
	(66, 1),
	(67, 1),
	(68, 1),
	(69, 1),
	(70, 1),
	(71, 1),
	(72, 1),
	(73, 1),
	(74, 1),
	(75, 1),
	(76, 1),
	(77, 1),
	(78, 1),
	(79, 1),
	(80, 1),
	(81, 1),
	(82, 1),
	(83, 1),
	(84, 1),
	(85, 1),
	(86, 1),
	(87, 1),
	(88, 1),
	(89, 1),
	(90, 1),
	(91, 1),
	(92, 1),
	(93, 1),
	(94, 1),
	(95, 1),
	(96, 1),
	(97, 1),
	(98, 1),
	(99, 1),
	(100, 1),
	(101, 1),
	(102, 1),
	(103, 1),
	(104, 1),
	(105, 1),
	(106, 1),
	(107, 1),
	(108, 1),
	(109, 1),
	(110, 1),
	(111, 1),
	(112, 1),
	(113, 1),
	(114, 1),
	(115, 1),
	(116, 1),
	(117, 1),
	(118, 1),
	(119, 1),
	(120, 1),
	(121, 1),
	(122, 1),
	(123, 1),
	(124, 1),
	(125, 1),
	(126, 1),
	(127, 1),
	(128, 1),
	(129, 1),
	(130, 1),
	(131, 1),
	(132, 1),
	(133, 1),
	(134, 1),
	(135, 1),
	(136, 1),
	(137, 1),
	(138, 1),
	(139, 1),
	(140, 1),
	(141, 1),
	(142, 1),
	(143, 1),
	(144, 1),
	(145, 1),
	(146, 1),
	(147, 1),
	(148, 1),
	(149, 1),
	(150, 1),
	(151, 1),
	(152, 1),
	(153, 1),
	(154, 1),
	(155, 1),
	(156, 1),
	(157, 1),
	(158, 1),
	(159, 1),
	(160, 1),
	(161, 1),
	(162, 1),
	(163, 1),
	(164, 1),
	(165, 1),
	(7, 2),
	(8, 2),
	(9, 2),
	(10, 2),
	(19, 2),
	(20, 2),
	(21, 2),
	(22, 2),
	(31, 2),
	(32, 2),
	(33, 2),
	(34, 2),
	(43, 2),
	(44, 2),
	(45, 2),
	(46, 2),
	(55, 2),
	(56, 2),
	(57, 2),
	(58, 2),
	(59, 2),
	(60, 2),
	(61, 2),
	(62, 2),
	(63, 2),
	(64, 2),
	(65, 2),
	(66, 2),
	(67, 2),
	(68, 2),
	(69, 2),
	(70, 2),
	(79, 2),
	(80, 2),
	(81, 2),
	(82, 2),
	(91, 2),
	(92, 2),
	(93, 2),
	(94, 2),
	(103, 2),
	(104, 2),
	(105, 2),
	(106, 2),
	(115, 2),
	(116, 2),
	(117, 2),
	(118, 2),
	(127, 2),
	(128, 2),
	(129, 2),
	(130, 2),
	(131, 2),
	(132, 2),
	(133, 2),
	(134, 2),
	(135, 2),
	(136, 2),
	(137, 2),
	(165, 2),
	(19, 5),
	(20, 5),
	(55, 5),
	(67, 5),
	(79, 5),
	(91, 5);

CREATE TABLE IF NOT EXISTS `status_types` (
  `id` bigint unsigned NOT NULL AUTO_INCREMENT,
  `name` varchar(255) COLLATE utf8mb4_unicode_ci NOT NULL,
  `color` varchar(255) COLLATE utf8mb4_unicode_ci DEFAULT NULL,
  `created_at` timestamp NULL DEFAULT NULL,
  `updated_at` timestamp NULL DEFAULT NULL,
  `is_default` tinyint(1) NOT NULL DEFAULT '0',
  PRIMARY KEY (`id`)
) ENGINE=InnoDB AUTO_INCREMENT=6 DEFAULT CHARSET=utf8mb4 COLLATE=utf8mb4_unicode_ci;

INSERT INTO `status_types` (`id`, `name`, `color`, `created_at`, `updated_at`, `is_default`) VALUES
	(1, 'Ativo', 'success', '2025-07-05 06:36:31', '2025-07-05 06:36:31', 1),
	(2, 'Férias', 'info', '2025-07-05 06:36:31', '2025-07-05 06:36:31', 0),
	(3, 'Licença', 'yellow', '2025-07-05 06:36:31', '2025-07-05 06:36:31', 0),
	(4, 'Baixa', 'danger', '2025-07-05 06:36:31', '2025-07-05 06:36:31', 0),
	(5, 'Outro', 'gray', '2025-07-05 06:36:31', '2025-07-05 06:36:31', 0);

CREATE TABLE IF NOT EXISTS `sub_teams` (
  `id` bigint unsigned NOT NULL AUTO_INCREMENT,
  `daily_team_id` bigint unsigned NOT NULL,
  `sub_team_name_id` bigint unsigned NOT NULL,
  `leader_id` bigint unsigned NOT NULL,
  `pep_id` bigint unsigned DEFAULT NULL,
  `work_date` date NOT NULL,
  `active` tinyint(1) NOT NULL DEFAULT '1',
  `created_at` timestamp NULL DEFAULT NULL,
  `updated_at` timestamp NULL DEFAULT NULL,
  PRIMARY KEY (`id`),
  KEY `sub_teams_daily_team_id_foreign` (`daily_team_id`),
  KEY `sub_teams_sub_team_name_id_foreign` (`sub_team_name_id`),
  KEY `sub_teams_leader_id_foreign` (`leader_id`),
  KEY `sub_teams_pep_id_foreign` (`pep_id`),
  CONSTRAINT `sub_teams_daily_team_id_foreign` FOREIGN KEY (`daily_team_id`) REFERENCES `daily_teams` (`id`) ON DELETE CASCADE,
  CONSTRAINT `sub_teams_leader_id_foreign` FOREIGN KEY (`leader_id`) REFERENCES `employees` (`id`),
  CONSTRAINT `sub_teams_pep_id_foreign` FOREIGN KEY (`pep_id`) REFERENCES `peps` (`id`),
  CONSTRAINT `sub_teams_sub_team_name_id_foreign` FOREIGN KEY (`sub_team_name_id`) REFERENCES `sub_team_names` (`id`) ON DELETE CASCADE
) ENGINE=InnoDB AUTO_INCREMENT=127 DEFAULT CHARSET=utf8mb4 COLLATE=utf8mb4_unicode_ci;

INSERT INTO `sub_teams` (`id`, `daily_team_id`, `sub_team_name_id`, `leader_id`, `pep_id`, `work_date`, `active`, `created_at`, `updated_at`) VALUES
	(56, 259, 1, 46, 3, '2025-08-22', 1, '2025-08-21 19:42:41', '2025-08-21 19:42:41'),
	(57, 263, 1, 46, 3, '2025-08-24', 1, '2025-08-23 19:21:33', '2025-08-23 19:21:33'),
	(58, 254, 1, 17, 1, '2000-01-01', 1, '2025-08-24 09:45:30', '2025-08-24 09:45:30'),
	(59, 267, 1, 46, 3, '2025-08-27', 1, '2025-08-26 18:35:27', '2025-08-26 18:35:27'),
	(60, 270, 1, 17, 1, '2025-08-29', 1, '2025-08-28 16:56:02', '2025-08-28 16:56:02'),
	(61, 271, 1, 46, 3, '2025-08-29', 1, '2025-08-28 16:56:02', '2025-08-28 16:56:02'),
	(68, 274, 1, 17, 1, '2000-01-01', 1, '2025-09-08 11:58:16', '2025-09-08 11:58:16'),
	(69, 275, 1, 46, 3, '2000-01-01', 1, '2025-09-08 11:58:32', '2025-09-08 11:58:32'),
	(70, 281, 1, 17, 1, '2025-09-04', 1, '2025-09-08 12:07:39', '2025-09-08 12:07:39'),
	(71, 282, 1, 46, 3, '2025-09-04', 1, '2025-09-08 12:07:39', '2025-09-08 12:07:39'),
	(74, 293, 1, 17, 1, '2025-09-09', 1, '2025-09-08 12:08:02', '2025-09-08 12:08:02'),
	(76, 299, 1, 17, 1, '2025-08-26', 1, '2025-09-08 12:16:42', '2025-09-08 12:16:42'),
	(77, 300, 1, 46, 3, '2025-08-26', 1, '2025-09-08 12:16:42', '2025-09-08 12:16:42'),
	(86, 294, 1, 46, 3, '2000-01-01', 1, '2025-09-08 16:14:14', '2025-09-08 16:14:14'),
	(100, 310, 1, 17, 1, '2025-09-10', 1, '2025-09-09 18:27:46', '2025-09-09 18:27:46'),
	(108, 311, 1, 46, 3, '2025-09-10', 1, '2025-09-10 19:10:04', '2025-09-10 19:10:04'),
	(109, 248, 2, 24, 1, '2000-01-01', 1, '2025-09-13 13:56:36', '2025-09-13 13:56:36'),
	(111, 314, 2, 24, 1, '2025-09-15', 1, '2025-09-13 14:04:32', '2025-09-13 14:04:32'),
	(119, 317, 1, 46, 3, '2025-09-15', 1, '2025-09-14 13:58:32', '2025-09-14 13:58:32'),
	(120, 316, 1, 17, 1, '2025-09-15', 1, '2025-09-14 14:02:47', '2025-09-14 14:02:47'),
	(121, 255, 1, 46, 3, '2000-01-01', 1, '2025-09-14 14:11:35', '2025-09-14 14:11:35'),
	(122, 320, 2, 24, 1, '2025-09-16', 1, '2025-09-15 15:57:08', '2025-09-15 15:57:08'),
	(123, 322, 1, 17, 1, '2025-09-16', 1, '2025-09-15 15:57:08', '2025-09-15 15:57:08'),
	(126, 323, 1, 46, 3, '2025-09-16', 1, '2025-09-18 05:33:29', '2025-09-18 05:33:29');

CREATE TABLE IF NOT EXISTS `sub_team_members` (
  `id` bigint unsigned NOT NULL AUTO_INCREMENT,
  `sub_team_id` bigint unsigned NOT NULL,
  `employee_id` bigint unsigned NOT NULL,
  `created_at` timestamp NULL DEFAULT NULL,
  `updated_at` timestamp NULL DEFAULT NULL,
  PRIMARY KEY (`id`),
  KEY `sub_team_members_sub_team_id_foreign` (`sub_team_id`),
  KEY `sub_team_members_employee_id_foreign` (`employee_id`),
  CONSTRAINT `sub_team_members_employee_id_foreign` FOREIGN KEY (`employee_id`) REFERENCES `employees` (`id`),
  CONSTRAINT `sub_team_members_sub_team_id_foreign` FOREIGN KEY (`sub_team_id`) REFERENCES `sub_teams` (`id`) ON DELETE CASCADE
) ENGINE=InnoDB AUTO_INCREMENT=155 DEFAULT CHARSET=utf8mb4 COLLATE=utf8mb4_unicode_ci;

INSERT INTO `sub_team_members` (`id`, `sub_team_id`, `employee_id`, `created_at`, `updated_at`) VALUES
	(23, 56, 48, '2025-08-21 19:42:41', '2025-08-21 19:42:41'),
	(27, 57, 48, '2025-08-23 19:21:33', '2025-08-23 19:21:33'),
	(28, 57, 52, '2025-08-23 19:21:33', '2025-08-23 19:21:33'),
	(30, 59, 48, '2025-08-26 18:35:27', '2025-08-26 18:35:27'),
	(31, 61, 48, '2025-08-28 16:56:02', '2025-08-28 16:56:02'),
	(32, 61, 52, '2025-08-28 16:56:02', '2025-08-28 16:56:02'),
	(34, 58, 34, '2025-08-29 04:20:06', '2025-08-29 04:20:06'),
	(52, 68, 34, '2025-09-08 11:58:16', '2025-09-08 11:58:16'),
	(53, 69, 48, '2025-09-08 11:58:32', '2025-09-08 11:58:32'),
	(54, 69, 52, '2025-09-08 11:58:32', '2025-09-08 11:58:32'),
	(55, 70, 34, '2025-09-08 12:07:39', '2025-09-08 12:07:39'),
	(56, 71, 48, '2025-09-08 12:07:39', '2025-09-08 12:07:39'),
	(57, 71, 52, '2025-09-08 12:07:39', '2025-09-08 12:07:39'),
	(61, 74, 34, '2025-09-08 12:08:02', '2025-09-08 12:08:02'),
	(64, 76, 34, '2025-09-08 12:16:42', '2025-09-08 12:16:42'),
	(65, 77, 48, '2025-09-08 12:16:42', '2025-09-08 12:16:42'),
	(66, 77, 52, '2025-09-08 12:16:42', '2025-09-08 12:16:42'),
	(84, 86, 48, '2025-09-08 16:14:14', '2025-09-08 16:14:14'),
	(85, 86, 52, '2025-09-08 16:14:14', '2025-09-08 16:14:14'),
	(111, 100, 34, '2025-09-09 18:27:46', '2025-09-09 18:27:46'),
	(126, 108, 48, '2025-09-10 19:10:04', '2025-09-10 19:10:04'),
	(127, 108, 52, '2025-09-10 19:10:04', '2025-09-10 19:10:04'),
	(128, 109, 25, '2025-09-13 13:56:36', '2025-09-13 13:56:36'),
	(131, 111, 25, '2025-09-13 14:04:32', '2025-09-13 14:04:32'),
	(142, 119, 48, '2025-09-14 13:58:32', '2025-09-14 13:58:32'),
	(143, 119, 52, '2025-09-14 13:58:32', '2025-09-14 13:58:32'),
	(144, 120, 34, '2025-09-14 14:02:47', '2025-09-14 14:02:47'),
	(145, 121, 48, '2025-09-14 14:11:35', '2025-09-14 14:11:35'),
	(146, 121, 52, '2025-09-14 14:11:35', '2025-09-14 14:11:35'),
	(147, 122, 25, '2025-09-15 15:57:08', '2025-09-15 15:57:08'),
	(148, 123, 34, '2025-09-15 15:57:08', '2025-09-15 15:57:08'),
	(153, 126, 48, '2025-09-18 05:33:29', '2025-09-18 05:33:29'),
	(154, 126, 52, '2025-09-18 05:33:29', '2025-09-18 05:33:29');

CREATE TABLE IF NOT EXISTS `sub_team_names` (
  `id` bigint unsigned NOT NULL AUTO_INCREMENT,
  `name` varchar(255) COLLATE utf8mb4_unicode_ci NOT NULL,
  `active` tinyint(1) NOT NULL DEFAULT '1',
  `created_at` timestamp NULL DEFAULT NULL,
  `updated_at` timestamp NULL DEFAULT NULL,
  PRIMARY KEY (`id`),
  UNIQUE KEY `sub_team_names_name_unique` (`name`)
) ENGINE=InnoDB AUTO_INCREMENT=5 DEFAULT CHARSET=utf8mb4 COLLATE=utf8mb4_unicode_ci;

INSERT INTO `sub_team_names` (`id`, `name`, `active`, `created_at`, `updated_at`) VALUES
	(1, 'Pedreiro', 1, '2025-07-13 14:49:04', '2025-07-13 14:49:04'),
	(2, 'Fibra', 1, '2025-09-08 06:07:14', '2025-09-08 06:07:14'),
	(4, 'Inspeçãoes', 1, '2025-09-08 07:27:31', '2025-09-08 07:27:31');

CREATE TABLE IF NOT EXISTS `sub_team_vehicles` (
  `id` bigint unsigned NOT NULL AUTO_INCREMENT,
  `sub_team_id` bigint unsigned NOT NULL,
  `vehicle_id` bigint unsigned NOT NULL,
  `status` varchar(255) COLLATE utf8mb4_unicode_ci DEFAULT NULL,
  `created_at` timestamp NULL DEFAULT NULL,
  `updated_at` timestamp NULL DEFAULT NULL,
  PRIMARY KEY (`id`),
  KEY `sub_team_vehicles_sub_team_id_foreign` (`sub_team_id`),
  KEY `sub_team_vehicles_vehicle_id_foreign` (`vehicle_id`),
  CONSTRAINT `sub_team_vehicles_sub_team_id_foreign` FOREIGN KEY (`sub_team_id`) REFERENCES `sub_teams` (`id`) ON DELETE CASCADE,
  CONSTRAINT `sub_team_vehicles_vehicle_id_foreign` FOREIGN KEY (`vehicle_id`) REFERENCES `vehicles` (`id`)
) ENGINE=InnoDB AUTO_INCREMENT=102 DEFAULT CHARSET=utf8mb4 COLLATE=utf8mb4_unicode_ci;

INSERT INTO `sub_team_vehicles` (`id`, `sub_team_id`, `vehicle_id`, `status`, `created_at`, `updated_at`) VALUES
	(23, 56, 6, NULL, '2025-08-21 19:42:41', '2025-08-21 19:42:41'),
	(24, 57, 6, NULL, '2025-08-23 19:21:33', '2025-08-23 19:21:33'),
	(34, 59, 6, NULL, '2025-08-26 18:35:27', '2025-08-26 18:35:27'),
	(35, 61, 6, NULL, '2025-08-28 16:56:02', '2025-08-28 16:56:02'),
	(37, 58, 1, NULL, '2025-08-29 04:20:06', '2025-08-29 04:20:06'),
	(44, 68, 1, NULL, '2025-09-08 11:58:16', '2025-09-08 11:58:16'),
	(45, 69, 6, NULL, '2025-09-08 11:58:32', '2025-09-08 11:58:32'),
	(46, 70, 1, NULL, '2025-09-08 12:07:39', '2025-09-08 12:07:39'),
	(47, 71, 6, NULL, '2025-09-08 12:07:39', '2025-09-08 12:07:39'),
	(50, 74, 1, NULL, '2025-09-08 12:08:02', '2025-09-08 12:08:02'),
	(52, 76, 1, NULL, '2025-09-08 12:16:42', '2025-09-08 12:16:42'),
	(53, 77, 6, NULL, '2025-09-08 12:16:42', '2025-09-08 12:16:42'),
	(62, 86, 6, NULL, '2025-09-08 16:14:14', '2025-09-08 16:14:14'),
	(76, 100, 1, NULL, '2025-09-09 18:27:46', '2025-09-09 18:27:46'),
	(83, 108, 2, NULL, '2025-09-10 19:10:04', '2025-09-10 19:10:04'),
	(84, 109, 6, NULL, '2025-09-13 13:56:36', '2025-09-13 13:56:36'),
	(86, 111, 6, NULL, '2025-09-13 14:04:32', '2025-09-13 14:04:32'),
	(94, 119, 2, NULL, '2025-09-14 13:58:32', '2025-09-14 13:58:32'),
	(95, 120, 1, NULL, '2025-09-14 14:02:47', '2025-09-14 14:02:47'),
	(96, 121, 2, NULL, '2025-09-14 14:11:35', '2025-09-14 14:11:35'),
	(97, 122, 6, NULL, '2025-09-15 15:57:08', '2025-09-15 15:57:08'),
	(98, 123, 1, NULL, '2025-09-15 15:57:08', '2025-09-15 15:57:08'),
	(101, 126, 2, NULL, '2025-09-18 05:33:29', '2025-09-18 05:33:29');

CREATE TABLE IF NOT EXISTS `teams_names_tables` (
  `id` bigint unsigned NOT NULL AUTO_INCREMENT,
  `name` varchar(255) COLLATE utf8mb4_unicode_ci NOT NULL COMMENT 'Unique name for the team',
  `created_at` timestamp NULL DEFAULT NULL,
  `updated_at` timestamp NULL DEFAULT NULL,
  PRIMARY KEY (`id`),
  UNIQUE KEY `teams_names_tables_name_unique` (`name`)
) ENGINE=InnoDB AUTO_INCREMENT=21 DEFAULT CHARSET=utf8mb4 COLLATE=utf8mb4_unicode_ci;

INSERT INTO `teams_names_tables` (`id`, `name`, `created_at`, `updated_at`) VALUES
	(1, 'CME-1', '2025-07-09 05:01:47', '2025-07-09 05:01:47'),
	(2, 'CME-2', '2025-07-10 17:41:05', '2025-07-10 17:41:05'),
	(3, 'CME-3', '2025-07-11 04:48:39', '2025-07-11 04:48:39'),
	(4, 'CME-4', '2025-07-11 05:01:01', '2025-07-11 05:01:01'),
	(5, 'CME-5', '2025-07-11 05:01:09', '2025-07-11 05:01:09'),
	(6, 'CME-6', '2025-07-11 05:01:18', '2025-07-11 05:01:18'),
	(7, 'CME-7', '2025-07-11 05:01:27', '2025-07-11 05:01:27'),
	(8, 'CME-8', '2025-07-11 05:01:35', '2025-07-11 05:01:35'),
	(9, 'DESMATACÃO', '2025-07-12 07:48:50', '2025-07-12 07:48:50'),
	(10, 'FIBRA', '2025-07-12 10:30:20', '2025-07-12 10:30:20'),
	(19, 'Estaleiro', '2025-09-08 07:02:21', '2025-09-08 07:02:21');

CREATE TABLE IF NOT EXISTS `users` (
  `id` bigint unsigned NOT NULL AUTO_INCREMENT,
  `name` varchar(255) COLLATE utf8mb4_unicode_ci NOT NULL,
  `email` varchar(255) COLLATE utf8mb4_unicode_ci NOT NULL,
  `email_verified_at` timestamp NULL DEFAULT NULL,
  `password` varchar(255) COLLATE utf8mb4_unicode_ci NOT NULL,
  `remember_token` varchar(100) COLLATE utf8mb4_unicode_ci DEFAULT NULL,
  `created_at` timestamp NULL DEFAULT NULL,
  `updated_at` timestamp NULL DEFAULT NULL,
  PRIMARY KEY (`id`),
  UNIQUE KEY `users_email_unique` (`email`)
) ENGINE=InnoDB AUTO_INCREMENT=56 DEFAULT CHARSET=utf8mb4 COLLATE=utf8mb4_unicode_ci;

INSERT INTO `users` (`id`, `name`, `email`, `email_verified_at`, `password`, `remember_token`, `created_at`, `updated_at`) VALUES
	(1, 'Israel', 'israelmontesino@gmail.com', NULL, '$2y$10$iUIcnCcJaTA25093R9.LLOBMctaId8V3oO6i0iZvo9E8zTHA18Bx2', 'btF5dLaqq9gbbJ8YqAtrQZGoa2KxmjI1Cb9RpVRdADpml2eErgsn6yF0xwga', '2025-06-22 10:15:51', '2025-06-22 10:15:51'),
	(2, 'Jose Carlos', 'josecarlos@exemplo.com', NULL, '$2y$10$N2QjYuxzwtrPvQmiRsorx.qTHbRXf49VWpVWA.iEx5KNV97GLF07S', NULL, '2025-06-22 11:57:21', '2025-06-28 16:55:30'),
	(3, 'Ismael Aguiar', 'ismaelaguiar@exemplo.com', NULL, '$2y$10$WNQg/jSWvmh29PRvUcrFQOpL5ftyYzUVDqOFkiTd2J1.93Bd79flq', 'jozJDxh8GxEcSamgREnqZOVw881butqFlDKwDNDL1Hje0cG0ZBhCHmf6zdGE', '2025-06-22 11:57:21', '2025-06-28 16:55:30'),
	(4, 'Jose Orlando', 'joseorlando@exemplo.com', NULL, '$2y$10$nFyPcQGX2iiL0IE1f5eWd.j5glD0zWzjPK7Zq3FMJN55QEdE8aeCq', NULL, '2025-06-22 11:57:21', '2025-06-28 16:55:30'),
	(5, 'Andre Filipe', 'andrefilipe@exemplo.com', NULL, '$2y$10$A.RdD4XpHruSWXTDR.RV4Oi4dmsEuqavvKFX45VAsJyuoWCJL/Q6W', NULL, '2025-06-22 11:57:21', '2025-06-28 16:55:30'),
	(6, 'Robert Leonardo', 'robertleonardo@exemplo.com', NULL, '$2y$10$jbFXXD3nmr4cQoW/f.a3u.pP/qUxFBv9dCkJ2tfqEYmk.jCz3lRNW', NULL, '2025-06-22 11:57:21', '2025-06-28 16:55:30'),
	(7, 'Gabriel Jesus', 'gabrieljesus@exemplo.com', NULL, '$2y$10$mAArWXczt98p.npgEjF8g.wengnDXdH09/zozPauCjfD59B7NySqS', NULL, '2025-06-22 11:57:21', '2025-06-28 16:55:30'),
	(8, 'Lisandro Alberto', 'lisandroalberto@exemplo.com', NULL, '$2y$10$r3ythCDaHx36.PWBlGnv7O1HlmyhPVexTg4xP950tN39vuUn8ujMC', NULL, '2025-06-22 11:57:21', '2025-06-28 16:55:30'),
	(9, 'Miguel Augusto', 'miguelaugusto@exemplo.com', NULL, '$2y$10$ItfFrkGM1MAm2wWkHE/nwu4S.if9H9u1pdBVwke7JhVFOzbjfz.0S', NULL, '2025-06-22 11:57:21', '2025-06-28 16:55:30'),
	(10, 'Janete Carolina', 'janetecarolina@exemplo.com', NULL, '$2y$10$1ZP4jis9n24wVcNcFp2O/Ol5RHAqFfUhRMPwP4hViZ6N1avYp.qJO', NULL, '2025-06-22 11:57:22', '2025-06-28 16:55:30'),
	(11, 'Orlando Pedro', 'orlandopedro@exemplo.com', NULL, '$2y$10$LvI0asLQdKWGPkFWhEXKKOvc2DR3KQjP95Z43Trfb3fx/W8qReN3m', NULL, '2025-06-22 11:57:22', '2025-06-28 16:55:30'),
	(12, 'Juan Pablo', 'juanpablo@exemplo.com', NULL, '$2y$10$op5aUqdJY3rzXSZ8lqkXUeUO/U2fILzqATC7JRUvksVtVbrQgCJme', NULL, '2025-06-22 11:57:22', '2025-06-28 16:55:30'),
	(13, 'Gregorio Jose', 'gregoriojose@exemplo.com', NULL, '$2y$10$cso7bXe9Y6eTJ1vgYb1D6eoOV.yu/gGDvBdYJZEoI5TA8BN.9jq/e', NULL, '2025-06-22 11:57:22', '2025-06-28 16:55:30'),
	(14, 'Roman Antonio', 'romanantonio@exemplo.com', NULL, '$2y$10$LnOtaDnI0HWffOXvbYMiaupVxvpnDulf/7UdJETgFcegyYuegvOC.', NULL, '2025-06-22 11:57:22', '2025-06-28 16:55:30'),
	(15, 'Joao Manuel', 'joaomanuel@exemplo.com', NULL, '$2y$10$yTqQ6frWDU/y7vVLPzV/6.h62ZAiFdtuhY8vN4L3iC3LHlokCjWni', NULL, '2025-06-22 11:57:22', '2025-06-28 16:55:30'),
	(16, 'Manuel Nascimiento', 'manuelnascimiento@exemplo.com', NULL, '$2y$10$LQAByr3RV7nF9Vi.cBE2WuMqCQojJsJt9IR6wATVna4dRMIpAvVE6', NULL, '2025-06-22 11:57:22', '2025-06-28 16:55:30'),
	(17, 'Wuilson Jesus', 'wuilsonjesus@exemplo.com', NULL, '$2y$10$q7zKm/DSf4ZzflPlrX0QYuARa.vO3km9Px0LthB/q6lPH008IWfBW', NULL, '2025-06-22 11:57:22', '2025-06-28 16:55:30'),
	(18, 'Americo Zacarias', 'americozacarias@exemplo.com', NULL, '$2y$10$Ec2gj0p40PczdL5XeOCgH.zIQbW8qpU/zPxW7DdXYjixvHmyd2eQO', NULL, '2025-06-22 11:57:22', '2025-06-28 16:55:30'),
	(19, 'Manuel Paulo', 'manuelpaulo@exemplo.com', NULL, '$2y$10$JBS6ph4dRoybKUZSfr3p.un9ueR9G8r1y919hUZCDAsycQIDcHNLC', NULL, '2025-06-22 11:57:22', '2025-06-28 16:55:30'),
	(20, 'Manuel Gorgulho', 'manuelgorgulho@exemplo.com', NULL, '$2y$10$NwpmGJe8FXNSVwpILPRNhuXWPh/3auZKxy7bt/cOeSAl6ZppuTfJm', NULL, '2025-06-22 11:57:22', '2025-06-28 16:55:30'),
	(21, 'Ruben Duarte', 'rubenduarte@exemplo.com', NULL, '$2y$10$OhnGcADNv8EOJZF78Tl1wOZNTRPREPSjHNcnRsrF6.SMy6pS4ixM2', NULL, '2025-06-22 11:57:22', '2025-06-28 16:55:31'),
	(22, 'Jose Dinarte', 'josedinarte@exemplo.com', NULL, '$2y$10$N2.sZdEEy0QKEOWNtLX7V.ofSsjWGbaD9oGr2tMf35NtXrmuVfBoa', NULL, '2025-06-22 11:57:22', '2025-06-28 16:55:31'),
	(23, 'Jesus Manuel', 'jesusmanuel@exemplo.com', NULL, '$2y$10$JLONiMqTO9uScbhRcyJmjebdk6LomPjCRCXXaug.xn6E0N3pZOjrK', NULL, '2025-06-22 11:57:22', '2025-06-28 16:55:31'),
	(24, 'Diogo Fabio', 'diogofabio@exemplo.com', NULL, '$2y$10$Xofscv0M7.iyfPZEeIumpODKGzpPWxie2zQ.lywuOTM67dcC8EZLm', NULL, '2025-06-22 11:57:22', '2025-06-28 16:55:31'),
	(25, 'Dario Francisco', 'dariofrancisco@exemplo.com', NULL, '$2y$10$NpY/Fq64Qhp7VZu.BNPRSef2RUV1eSIlaKN9k/6veK0Mfc2od2uvi', NULL, '2025-06-22 11:57:22', '2025-06-28 16:55:31'),
	(26, 'Duarte Nuno', 'duartenuno@exemplo.com', NULL, '$2y$10$GxRyeP70yt1i5SrAT052WesysgJNE/9Z2/crgk/n9NhhD7gtr21bi', NULL, '2025-06-22 11:57:22', '2025-06-28 16:55:31'),
	(27, 'Octavio Rodolfo', 'octaviorodolfo@exemplo.com', NULL, '$2y$10$.AKCPUNkugmEX4MqGiTjguZvHZ4wnM/w.6D1jBCub8bHMbtqPHRRG', NULL, '2025-06-22 11:57:22', '2025-06-28 16:55:31'),
	(28, 'José Cláudio', 'josécláudio@exemplo.com', NULL, '$2y$10$BtaL/ygBMZtW8Dld2bvXCuMRLC92XgJv4p8aimEvS4QziNA3Wb7X6', NULL, '2025-06-22 11:57:22', '2025-06-28 16:55:31'),
	(29, 'Raquel Gouveia', 'raquelgouveia@exemplo.com', NULL, '$2y$10$2OW869Wyx39uDTB9Ilq/Oengo2bDZ7mpfyUrgBP7lTol.nYLlFS9y', NULL, '2025-06-22 11:57:22', '2025-06-28 16:55:31'),
	(30, 'Javier Alexander', 'javieralexander@exemplo.com', NULL, '$2y$10$MVb1ZqZTcGOB9CYz0s0C..hBRtN2FogqrvH2HbM4sLgRbE1L3UaEC', NULL, '2025-06-22 11:57:22', '2025-06-28 16:55:31'),
	(31, 'Paulo Duarte', 'pauloduarte@exemplo.com', NULL, '$2y$10$2aUlVI3QSsJEZrEmBXQgp.Bv1s0h5IZKQ4hUIoPnPP18u.rg8ziZu', NULL, '2025-06-22 11:57:23', '2025-06-28 16:55:31'),
	(32, 'Vicente José', 'vicentejosé@exemplo.com', NULL, '$2y$10$YYehnQ2lxSzVz8GgxiLVn.J5yB0GNV2S5DTB8SfabmuFrM3gbhOmK', NULL, '2025-06-22 11:57:23', '2025-06-28 16:55:31'),
	(33, 'Carlos Giovanni', 'carlosgiovanni@exemplo.com', NULL, '$2y$10$moe.hFNe.46Zpy8023Gnfu/kF.9tDyBu7X7zvXJZEKpsR4xdLZdsK', NULL, '2025-06-22 11:57:23', '2025-06-28 16:55:31'),
	(34, 'Leocádio Fernandes', 'leocádiofernandes@exemplo.com', NULL, '$2y$10$of86EEeM/g5O3gUiMnGdWeVONYT1opxi2vMcY.qMGUWITy.87zwlK', NULL, '2025-06-22 11:57:23', '2025-06-28 16:55:31'),
	(35, 'Jeferson Da', 'jefersonda@exemplo.com', NULL, '$2y$10$daK9UzjZFqTOKpVjCJfLo.KNE/aixShziJYj8z7IFB1zKaosH8Cqu', NULL, '2025-06-22 11:57:23', '2025-06-28 16:55:31'),
	(36, 'Vitor Hugo', 'vitorhugo@exemplo.com', NULL, '$2y$10$CSN2iE2hhUAGOLz/boe74O8BfbKrOJENAwZJtQECBgSrqD90MzpLq', NULL, '2025-06-22 11:57:23', '2025-06-28 16:55:31'),
	(37, 'Daniel David', 'danieldavid@exemplo.com', NULL, '$2y$10$ldMPQERVGAiV62/l.CfTvuSw2n4CT1O63HSzzpp4id.0lVJWXcFgC', NULL, '2025-06-22 11:57:23', '2025-06-28 16:55:31'),
	(38, 'Juvenal Rodrigues', 'juvenalrodrigues@exemplo.com', NULL, '$2y$10$ACVhwysXFVyamXsvvmtxdugvMmFqmgbTuGOetX9AENmY8gFcruw.a', NULL, '2025-06-22 11:57:23', '2025-06-28 16:55:31'),
	(39, 'Jeivin Deiniel', 'jeivindeiniel@exemplo.com', NULL, '$2y$10$fPaFb2NBVEhbqiPsUyAYj.csztUFst6Wd7qqQ8qC0/rwJpOYzVGTq', NULL, '2025-06-22 11:57:23', '2025-06-28 16:55:31'),
	(40, 'Leandro ', 'leandrogomes@exemplo.com', NULL, '$2y$10$er/fZ.HgOlML.e782wIZnu9IZH/scUhEtwzIxikm85b0nQwKrCymu', NULL, '2025-06-22 11:57:23', '2025-07-13 14:45:21'),
	(41, 'José António', 'joséantónio@exemplo.com', NULL, '$2y$10$ZQsTjKYimEhCG7x/cGxgmO0Izb9qGJwfnsgC0kFO6i9a4it8HP2g2', NULL, '2025-06-22 11:57:23', '2025-06-28 16:55:31'),
	(42, 'Jorge Nelson', 'jorgenelson@exemplo.com', NULL, '$2y$10$b.Goa./f7cQDkvwhHEwFs.MsbzuCJFqCC/twm3uYCckBQh74Joio2', NULL, '2025-06-22 11:57:23', '2025-06-28 16:55:32'),
	(43, 'Paulo Ruben', 'pauloruben@exemplo.com', NULL, '$2y$10$.CKJSCgM8Pb6B.IgJkFV7OCmW542O7yYAaV5phXYbyvOs1hsONRDK', NULL, '2025-06-22 11:57:23', '2025-06-28 16:55:32'),
	(44, 'Oswaldo Veliz', 'oswaldoveliz@exemplo.com', NULL, '$2y$10$Rbi91mG1hwn7KBC.CirkWuXXJyyZSHtpu673N0RQI6LMMjgNjIuF6', NULL, '2025-06-22 11:57:23', '2025-06-28 16:55:32'),
	(45, 'Débora Joana', 'déborajoana@exemplo.com', NULL, '$2y$10$T9.5OWEntedX7fD5k4WZleNhS4OibWe2CjtdwiHGv/s0t9ddnRKO2', NULL, '2025-06-22 11:57:23', '2025-06-28 16:55:32'),
	(46, 'Carlos Daniel', 'carlosdaniel@exemplo.com', NULL, '$2y$10$NQN1hFwsJPB/3wXbWUP3FuqxsuRLlswqyKU6URqCSU/WpTiYM7Fl.', NULL, '2025-06-22 11:57:23', '2025-06-28 16:55:32'),
	(47, 'João Nelson', 'joãonelson@exemplo.com', NULL, '$2y$10$eMoqukW61Kq1vJN/WIYXBegdvvXrIfO79oFBELb1fZTO1cY/v1DJa', NULL, '2025-06-22 11:57:23', '2025-06-28 16:55:32'),
	(48, 'Diego Freire', 'diegofreire@exemplo.com', NULL, '$2y$10$WwsP5nl8klhsNmj/nqGj9O1QdRqLZe0gdxWmpzLK6xku8C8Unhqta', NULL, '2025-06-22 11:57:23', '2025-06-28 16:55:32'),
	(49, 'Geovanni Alexander', 'geovannialexander@exemplo.com', NULL, '$2y$10$A3GsjAhEAjlx.3YiKMSZaOsZ4MnrgGvQYu3gKtxW.epNAQqW6DFNu', NULL, '2025-06-22 11:57:23', '2025-06-28 16:55:32'),
	(50, 'Gabriel Enrique', 'gabrielenrique@exemplo.com', NULL, '$2y$10$0ejaeIh9NRTmikKWgBc9/OpQCldLdLHzPRFdpAN1zstiqbH8LrgSu', NULL, '2025-06-22 11:57:23', '2025-06-28 16:55:32'),
	(51, 'Leandro Rodrigues', 'leandrorodrigues@exemplo.com', NULL, '$2y$10$UM6u/xralhdgCWyxAG1GxeccsiIRdqHiNqUlMrGpDQiXoW0CSaAJu', NULL, '2025-06-22 11:57:24', '2025-06-28 16:55:32'),
	(52, 'Carlos Ysac', 'carlosysac@exemplo.com', NULL, '$2y$10$ImrmwofFO.OahGDbYjqaoeclnpkQ1r0bmd.WRQGoMOqoFiDmxXTUu', NULL, '2025-06-22 11:57:24', '2025-06-28 16:55:32'),
	(53, 'Emanuel José', 'emanueljosé@exemplo.com', NULL, '$2y$10$fPpp0i2sF6DHH0ESr3JFYOhoMUbO2in3.Up60HjZRyUNGcf08i0oC', NULL, '2025-06-22 11:57:24', '2025-06-28 16:55:32'),
	(54, 'Igor Miguel', 'igormiguel@exemplo.com', NULL, '$2y$10$7M5be1l5Qcc3LqLw3O3wgO9PIZnJqIVxWnRFIju4AjtnHdBT56FgW', NULL, '2025-06-22 11:57:24', '2025-06-28 16:55:32'),
	(55, 'Jose Antonio', 'joseantoniojimenez@exemplo.com', NULL, '$2y$10$dIsgrUiVl/LfEWLPinSgnOep33CjU7NQobsFUiy.H3UnV71h/iKLS', NULL, '2025-06-22 11:57:24', '2025-06-28 16:55:32');

CREATE TABLE IF NOT EXISTS `vehicles` (
  `id` bigint unsigned NOT NULL AUTO_INCREMENT,
  `car_plate` varchar(255) COLLATE utf8mb4_unicode_ci NOT NULL,
  `vehicle_brand_id` bigint unsigned NOT NULL,
  `model` varchar(255) COLLATE utf8mb4_unicode_ci NOT NULL,
  `type` varchar(255) COLLATE utf8mb4_unicode_ci NOT NULL,
  `fuel_card_number` varchar(255) COLLATE utf8mb4_unicode_ci NOT NULL,
  `fuel_card_pin` varchar(255) COLLATE utf8mb4_unicode_ci NOT NULL,
  `insurance_name` varchar(255) COLLATE utf8mb4_unicode_ci NOT NULL,
  `insurance_validity_date` date DEFAULT NULL,
  `last_vehicle_inspection_date` date DEFAULT NULL,
  `next_ipo_date` date DEFAULT NULL,
  `vehicle_condition` varchar(255) COLLATE utf8mb4_unicode_ci DEFAULT NULL,
  `assigned` tinyint(1) NOT NULL DEFAULT '0',
  `image_url` varchar(255) COLLATE utf8mb4_unicode_ci DEFAULT NULL,
  `created_at` timestamp NULL DEFAULT NULL,
  `updated_at` timestamp NULL DEFAULT NULL,
  PRIMARY KEY (`id`),
  UNIQUE KEY `vehicles_car_plate_unique` (`car_plate`),
  UNIQUE KEY `vehicles_fuel_card_number_unique` (`fuel_card_number`),
  UNIQUE KEY `vehicles_fuel_card_pin_unique` (`fuel_card_pin`),
  KEY `vehicles_vehicle_brand_id_foreign` (`vehicle_brand_id`),
  KEY `vehicles_insurance_name_index` (`insurance_name`),
  KEY `vehicles_insurance_validity_date_index` (`insurance_validity_date`),
  KEY `vehicles_last_vehicle_inspection_date_index` (`last_vehicle_inspection_date`),
  KEY `vehicles_vehicle_condition_index` (`vehicle_condition`),
  KEY `vehicles_assigned_index` (`assigned`),
  KEY `vehicles_image_url_index` (`image_url`),
  CONSTRAINT `vehicles_vehicle_brand_id_foreign` FOREIGN KEY (`vehicle_brand_id`) REFERENCES `vehicle_brands` (`id`) ON DELETE CASCADE ON UPDATE CASCADE
) ENGINE=InnoDB AUTO_INCREMENT=12 DEFAULT CHARSET=utf8mb4 COLLATE=utf8mb4_unicode_ci;

INSERT INTO `vehicles` (`id`, `car_plate`, `vehicle_brand_id`, `model`, `type`, `fuel_card_number`, `fuel_card_pin`, `insurance_name`, `insurance_validity_date`, `last_vehicle_inspection_date`, `next_ipo_date`, `vehicle_condition`, `assigned`, `image_url`, `created_at`, `updated_at`) VALUES
	(1, 'AS-44-TT', 1, 'Hilux', '4x4', '708257 505885 04870 8', '9694', 'Fidelidade', '2025-12-31', '2024-08-05', NULL, 'Good', 0, 'vehicles/IMG_20250616_092809_1.jpg', '2025-06-16 17:25:55', '2025-07-11 04:36:22'),
	(2, 'BI-17-DT', 1, 'Hilux', '4x4', '708257 505885 04855 8', '5955', 'Fidelidade', '2026-02-18', '2024-09-20', NULL, 'GOOD', 0, 'vehicles/IMG_20240719_133401.jpg', '2025-06-19 19:50:34', '2025-07-11 04:37:11'),
	(3, 'BE-02-QL', 1, 'Hilux', '4x4', '708257 505885 99955 2', '4793', 'Fidelidade', '2026-02-04', '2026-02-05', NULL, 'GOOD', 1, 'vehicles/IMG_20240719_133401 (1).jpg', '2025-06-19 20:01:16', '2025-07-11 04:37:30'),
	(5, 'BC-92-UU', 1, 'Hilux', '4x4', '708257 505888 92345 2', '5914', 'Fidelidade', '2026-01-27', '2025-12-09', NULL, 'GOOD', 1, 'vehicles/IMG_20241107_124059.jpg', '2025-06-19 20:13:47', '2025-07-11 04:03:02'),
	(6, 'AU-27-BS', 3, 'l200', '4x4', '708257 505885 14870 3', '8691', 'Fidelidade', '2025-12-05', '2025-08-15', NULL, 'GOOD', 0, 'vehicles/IMG_20240618_094309.jpg', '2025-06-20 04:47:06', '2025-06-20 04:47:06'),
	(7, 'AG-46-GR', 2, 'Crafter', 'Cabine Dupla', '708257 505885 07817 2', '5555', 'Fidelidade', '2025-11-19', '2025-01-29', NULL, 'Good', 1, 'vehicles/exteriorfront.jpg', '2025-06-29 07:49:59', '2025-07-11 04:38:03'),
	(8, 'BH-85-BS', 3, 'Fuso', 'Cabine Dupla', '708257 505885 07821 3', '5858', 'Fidelidade', '2026-02-12', '2025-08-26', NULL, 'GOOD', 0, 'vehicles/fuso.jpg', '2025-07-10 17:51:21', '2025-07-11 04:38:27'),
	(9, 'AN-81-OJ', 5, 'Daily', 'Cabina Dupla', '708257 505885 06862 5', '4525', 'Fidelidade', '2025-10-01', '2025-06-17', NULL, 'GOOD', 0, 'vehicles/iveco.jpg', '2025-07-11 04:47:14', '2025-07-11 04:47:14'),
	(11, 'BG-26-HG', 3, 'Fuso', 'Cabine Dupla', '708347 505885 07821 3', '4625', 'Fidelidade', '2026-01-07', '2025-01-09', NULL, 'GOOD', 0, 'vehicles/fuso.jpg', '2025-08-21 18:01:31', '2025-08-21 18:01:31');

CREATE TABLE IF NOT EXISTS `vehicle_brands` (
  `id` bigint unsigned NOT NULL AUTO_INCREMENT,
  `name` varchar(255) COLLATE utf8mb4_unicode_ci NOT NULL,
  `created_at` timestamp NULL DEFAULT NULL,
  `updated_at` timestamp NULL DEFAULT NULL,
  PRIMARY KEY (`id`),
  KEY `vehicle_brands_name_index` (`name`)
) ENGINE=InnoDB AUTO_INCREMENT=6 DEFAULT CHARSET=utf8mb4 COLLATE=utf8mb4_unicode_ci;

INSERT INTO `vehicle_brands` (`id`, `name`, `created_at`, `updated_at`) VALUES
	(1, 'Toyota', '2025-06-15 20:56:33', '2025-06-15 20:56:33'),
	(2, 'VW', '2025-06-16 04:11:12', '2025-06-16 04:11:12'),
	(3, 'Mitsubishi', '2025-06-20 04:41:50', '2025-06-20 04:41:50'),
	(4, 'IMB', '2025-06-28 06:04:10', '2025-06-28 06:04:10'),
	(5, 'IVECO', '2025-07-11 04:41:53', '2025-07-11 04:41:53');

CREATE TABLE IF NOT EXISTS `vehicle_incidents` (
  `id` bigint unsigned NOT NULL AUTO_INCREMENT,
  `vehicle_id` bigint unsigned NOT NULL,
  `fecha` date NOT NULL,
  `tipo` varchar(255) COLLATE utf8mb4_unicode_ci NOT NULL,
  `descripcion` text COLLATE utf8mb4_unicode_ci,
  `created_at` timestamp NULL DEFAULT NULL,
  `updated_at` timestamp NULL DEFAULT NULL,
  PRIMARY KEY (`id`),
  KEY `vehicle_incidents_vehicle_id_foreign` (`vehicle_id`),
  CONSTRAINT `vehicle_incidents_vehicle_id_foreign` FOREIGN KEY (`vehicle_id`) REFERENCES `vehicles` (`id`) ON DELETE CASCADE
) ENGINE=InnoDB DEFAULT CHARSET=utf8mb4 COLLATE=utf8mb4_unicode_ci;


CREATE TABLE IF NOT EXISTS `vehicle_maintenances` (
  `id` bigint unsigned NOT NULL AUTO_INCREMENT,
  `vehicle_id` bigint unsigned NOT NULL,
  `fecha` date NOT NULL,
  `motivo` varchar(255) COLLATE utf8mb4_unicode_ci DEFAULT NULL,
  `observaciones` text COLLATE utf8mb4_unicode_ci,
  `created_at` timestamp NULL DEFAULT NULL,
  `updated_at` timestamp NULL DEFAULT NULL,
  PRIMARY KEY (`id`),
  KEY `vehicle_maintenances_vehicle_id_foreign` (`vehicle_id`),
  CONSTRAINT `vehicle_maintenances_vehicle_id_foreign` FOREIGN KEY (`vehicle_id`) REFERENCES `vehicles` (`id`) ON DELETE CASCADE
) ENGINE=InnoDB DEFAULT CHARSET=utf8mb4 COLLATE=utf8mb4_unicode_ci;


/*!40103 SET TIME_ZONE=IFNULL(@OLD_TIME_ZONE, 'system') */;
/*!40101 SET SQL_MODE=IFNULL(@OLD_SQL_MODE, '') */;
/*!40014 SET FOREIGN_KEY_CHECKS=IFNULL(@OLD_FOREIGN_KEY_CHECKS, 1) */;
/*!40101 SET CHARACTER_SET_CLIENT=@OLD_CHARACTER_SET_CLIENT */;
/*!40111 SET SQL_NOTES=IFNULL(@OLD_SQL_NOTES, 1) */;
